community_area_name,community_area,year,gang_dominant,n_gangs_present,pct_area_gang_control,n_dv_crimes,n_homicides,n_arrests
DOUGLAS,35,2008,GANGSTER DISCIPLES,3.0,0.27743917772639226,493,4,0
DOUGLAS,35,2009,GANGSTER DISCIPLES,3.0,0.27743917772639226,480,2,0
DOUGLAS,35,2010,GANGSTER DISCIPLES,3.0,0.20862120528256145,479,1,0
DOUGLAS,35,2011,,,,462,0,0
DOUGLAS,35,2012,GANGSTER DISCIPLES,2.0,0.24687935064164668,459,0,0
DOUGLAS,35,2013,,,,452,4,0
DOUGLAS,35,2014,GANGSTER DISCIPLES,1.0,0.24127285189511458,430,3,60
DOUGLAS,35,2015,GANGSTER DISCIPLES,2.0,0.21416817487334708,59,3,3
DOUGLAS,35,2016,GANGSTER DISCIPLES,2.0,0.22340459252458322,433,4,53
DOUGLAS,35,2017,GANGSTER DISCIPLES,2.0,0.1965575307673716,447,3,57
DOUGLAS,35,2018,GANGSTER DISCIPLES,2.0,0.1965575307673716,502,7,59
DOUGLAS,35,2019,GANGSTER DISCIPLES,2.0,0.1783080419082511,495,3,56
DOUGLAS,35,2020,GANGSTER DISCIPLES,2.0,0.1783080419082511,427,3,50
DOUGLAS,35,2021,GANGSTER DISCIPLES,2.0,0.15456732909991258,509,7,43
DOUGLAS,35,2022,GANGSTER DISCIPLES,2.0,0.15456732909991258,520,8,50
DOUGLAS,35,2023,GANGSTER DISCIPLES,2.0,0.15453404349390343,504,8,46
DOUGLAS,35,2024,GANGSTER DISCIPLES,2.0,0.15456732909991255,472,10,54
OAKLAND,36,2008,BLACK DISCIPLES,3.0,0.17768214260760778,240,0,0
OAKLAND,36,2009,BLACK DISCIPLES,3.0,0.17768214260760798,225,1,0
OAKLAND,36,2010,GANGSTER DISCIPLES & BLACK DISCIPLES,1.0,0.19888618450815548,212,2,0
OAKLAND,36,2011,,,,229,2,0
OAKLAND,36,2012,GANGSTER DISCIPLES,1.0,0.20177047283644398,213,2,0
OAKLAND,36,2013,,,,187,0,0
OAKLAND,36,2014,GANGSTER DISCIPLES,1.0,0.3058953568610226,180,0,23
OAKLAND,36,2015,GANGSTER DISCIPLES,1.0,0.12239966837879811,21,3,1
OAKLAND,36,2016,GANGSTER DISCIPLES,1.0,0.1223997137643333,171,4,22
OAKLAND,36,2017,GANGSTER DISCIPLES,1.0,0.1223997137643333,192,0,15
OAKLAND,36,2018,GANGSTER DISCIPLES,1.0,0.04900880509460516,203,1,19
OAKLAND,36,2019,GANGSTER DISCIPLES,2.0,0.09020335886395707,205,1,16
OAKLAND,36,2020,GANGSTER DISCIPLES,2.0,0.09020335886395707,174,1,16
OAKLAND,36,2021,GANGSTER DISCIPLES,2.0,0.18807814528202932,202,3,15
OAKLAND,36,2022,GANGSTER DISCIPLES,2.0,0.18807814528202932,190,0,16
OAKLAND,36,2023,GANGSTER DISCIPLES,2.0,0.18788366308686166,246,1,28
OAKLAND,36,2024,GANGSTER DISCIPLES,2.0,0.396305491175799,229,2,17
FULLER PARK,37,2008,MICKEY COBRAS,2.0,0.3799752927317206,202,1,0
FULLER PARK,37,2009,MICKEY COBRAS,2.0,0.3799752927317206,188,1,0
FULLER PARK,37,2010,MICKEY COBRAS,3.0,0.4810902691683233,184,2,0
FULLER PARK,37,2011,,,,164,1,0
FULLER PARK,37,2012,MICKEY COBRAS,3.0,0.4137480167186378,175,1,0
FULLER PARK,37,2013,,,,158,1,0
FULLER PARK,37,2014,MICKEY COBRAS,2.0,0.40507055442093554,145,1,22
FULLER PARK,37,2015,MICKEY COBRAS,2.0,0.4078796861621693,23,3,0
FULLER PARK,37,2016,MICKEY COBRAS,2.0,0.4078797218368987,174,5,13
FULLER PARK,37,2017,MICKEY COBRAS,2.0,0.4078797219292275,155,2,19
FULLER PARK,37,2018,MICKEY COBRAS,2.0,0.4078797219292275,144,2,21
FULLER PARK,37,2019,MICKEY COBRAS,2.0,0.4078797219292275,124,4,21
FULLER PARK,37,2020,MICKEY COBRAS,2.0,0.4078797219292275,100,2,9
FULLER PARK,37,2021,MICKEY COBRAS,2.0,0.4078797219292275,110,4,8
FULLER PARK,37,2022,MICKEY COBRAS,2.0,0.4078797219292275,111,6,5
FULLER PARK,37,2023,MICKEY COBRAS,3.0,0.4078460780280614,132,2,12
FULLER PARK,37,2024,MICKEY COBRAS,2.0,0.4078797219292275,113,3,19
GRAND BOULEVARD,38,2008,BLACK DISCIPLES,6.0,0.4086525940492138,1013,10,0
GRAND BOULEVARD,38,2009,BLACK DISCIPLES,6.0,0.4086525940492138,1039,12,0
GRAND BOULEVARD,38,2010,GANGSTER DISCIPLES,7.0,0.2782422108089445,955,10,0
GRAND BOULEVARD,38,2011,,,,973,8,0
GRAND BOULEVARD,38,2012,GANGSTER DISCIPLES,4.0,0.6773887492908588,923,8,0
GRAND BOULEVARD,38,2013,,,,824,7,0
GRAND BOULEVARD,38,2014,GANGSTER DISCIPLES,3.0,0.5288437443138014,775,9,127
GRAND BOULEVARD,38,2015,GANGSTER DISCIPLES,3.0,0.5444955769745806,117,7,2
GRAND BOULEVARD,38,2016,GANGSTER DISCIPLES,3.0,0.5444955555831577,775,9,88
GRAND BOULEVARD,38,2017,GANGSTER DISCIPLES,3.0,0.45907486424505417,787,9,97
GRAND BOULEVARD,38,2018,GANGSTER DISCIPLES,3.0,0.4586801630764854,830,11,103
GRAND BOULEVARD,38,2019,GANGSTER DISCIPLES,4.0,0.11280204967864033,885,5,133
GRAND BOULEVARD,38,2020,GANGSTER DISCIPLES,4.0,0.11285475971006396,712,6,63
GRAND BOULEVARD,38,2021,GANGSTER DISCIPLES,4.0,0.2286650147970079,759,16,55
GRAND BOULEVARD,38,2022,GANGSTER DISCIPLES,4.0,0.22866501479700788,733,13,76
GRAND BOULEVARD,38,2023,GANGSTER DISCIPLES,4.0,0.22843940681970004,858,5,82
GRAND BOULEVARD,38,2024,GANGSTER DISCIPLES,4.0,0.33822861072210264,843,8,105
KENWOOD,39,2008,GANGSTER DISCIPLES,3.0,0.2383643215759142,502,2,0
KENWOOD,39,2009,GANGSTER DISCIPLES,3.0,0.2383643215759142,482,2,0
KENWOOD,39,2010,GANGSTER DISCIPLES,2.0,0.2494910616462988,477,0,0
KENWOOD,39,2011,,,,394,3,0
KENWOOD,39,2012,GANGSTER DISCIPLES,3.0,0.2667170765797109,340,3,0
KENWOOD,39,2013,,,,299,1,0
KENWOOD,39,2014,GANGSTER DISCIPLES,2.0,0.4203732603929115,293,1,34
KENWOOD,39,2015,GANGSTER DISCIPLES,3.0,0.40752583631754863,49,5,3
KENWOOD,39,2016,GANGSTER DISCIPLES,3.0,0.4075258820345172,331,3,36
KENWOOD,39,2017,GANGSTER DISCIPLES,3.0,0.4075258820345172,347,4,39
KENWOOD,39,2018,GANGSTER DISCIPLES,3.0,0.4075258820345172,302,1,33
KENWOOD,39,2019,BLACK DISCIPLES,3.0,0.33023470633456864,323,1,49
KENWOOD,39,2020,BLACK DISCIPLES,3.0,0.33023470633456864,325,0,28
KENWOOD,39,2021,BLACK DISCIPLES,3.0,0.2830246447532117,340,2,24
KENWOOD,39,2022,BLACK DISCIPLES,3.0,0.2830246447532117,402,8,47
KENWOOD,39,2023,BLACK DISCIPLES,3.0,0.28337133084865174,409,3,36
KENWOOD,39,2024,BLACK DISCIPLES,3.0,0.2830246447532117,425,2,42
LINCOLN SQUARE,4,2008,LATIN KINGS,2.0,0.11183757673519286,288,1,0
LINCOLN SQUARE,4,2009,LATIN KINGS,2.0,0.11183757673519286,340,0,0
LINCOLN SQUARE,4,2010,LATIN KINGS,1.0,0.17076599048469138,272,0,0
LINCOLN SQUARE,4,2011,,,,242,1,0
LINCOLN SQUARE,4,2012,LATIN KINGS,2.0,0.13844785576302635,249,0,0
LINCOLN SQUARE,4,2013,,,,246,2,0
LINCOLN SQUARE,4,2014,LATIN KINGS,2.0,0.23671909084598175,214,0,49
LINCOLN SQUARE,4,2015,LATIN KINGS,2.0,0.23671909084598175,32,1,0
LINCOLN SQUARE,4,2016,LATIN KINGS,2.0,0.23671908220820653,228,1,29
LINCOLN SQUARE,4,2017,LATIN KINGS,2.0,0.23671908220820653,208,1,28
LINCOLN SQUARE,4,2018,LATIN KINGS,2.0,0.23671908220820653,211,2,43
LINCOLN SQUARE,4,2019,LATIN KINGS,2.0,0.23671908220820653,196,0,39
LINCOLN SQUARE,4,2020,LATIN KINGS,2.0,0.23671908220820653,205,1,25
LINCOLN SQUARE,4,2021,LATIN KINGS,2.0,0.23671908220820653,239,2,49
LINCOLN SQUARE,4,2022,LATIN KINGS,2.0,0.23671908220820653,237,2,43
LINCOLN SQUARE,4,2023,LATIN KINGS,1.0,0.18248851082850842,226,0,55
LINCOLN SQUARE,4,2024,LATIN KINGS,1.0,0.18255766361117126,189,0,27
WASHINGTON PARK,40,2008,GANGSTER DISCIPLES,6.0,0.48926628108961484,918,8,0
WASHINGTON PARK,40,2009,GANGSTER DISCIPLES,6.0,0.4892662810896148,889,6,0
WASHINGTON PARK,40,2010,GANGSTER DISCIPLES,4.0,0.5398991166953097,875,9,0
WASHINGTON PARK,40,2011,,,,818,9,0
WASHINGTON PARK,40,2012,GANGSTER DISCIPLES,3.0,0.27100491510643965,792,13,0
WASHINGTON PARK,40,2013,,,,752,2,0
WASHINGTON PARK,40,2014,BLACK DISCIPLES,4.0,0.2583436260927529,687,4,122
WASHINGTON PARK,40,2015,BLACK DISCIPLES,4.0,0.2688985426415132,100,4,4
WASHINGTON PARK,40,2016,BLACK DISCIPLES,4.0,0.2688985463142609,723,11,102
WASHINGTON PARK,40,2017,BLACK DISCIPLES,4.0,0.3104370157180505,806,12,98
WASHINGTON PARK,40,2018,BLACK DISCIPLES,4.0,0.2930815972137626,820,11,136
WASHINGTON PARK,40,2019,BLACK DISCIPLES,4.0,0.2570668270434812,692,11,109
WASHINGTON PARK,40,2020,BLACK DISCIPLES,4.0,0.2854461986707688,658,13,56
WASHINGTON PARK,40,2021,BLACK DISCIPLES,2.0,0.2707802354451773,692,9,67
WASHINGTON PARK,40,2022,BLACK DISCIPLES,3.0,0.27084884071618387,640,5,74
WASHINGTON PARK,40,2023,BLACK DISCIPLES,3.0,0.2708841405416649,706,10,61
WASHINGTON PARK,40,2024,BLACK DISCIPLES,3.0,0.22940216621309742,724,10,82
HYDE PARK,41,2008,BLACK P STONE,2.0,0.0884888434868906,296,1,0
HYDE PARK,41,2009,BLACK P STONE,2.0,0.0884888434868906,277,1,0
HYDE PARK,41,2010,BLACK P STONE,2.0,0.10736902947803892,291,1,0
HYDE PARK,41,2011,,,,283,1,0
HYDE PARK,41,2012,BLACK P STONES,1.0,0.35530589675731733,268,0,0
HYDE PARK,41,2013,,,,200,2,0
HYDE PARK,41,2014,,,,178,3,22
HYDE PARK,41,2015,BLACK P STONES,1.0,0.0670370235060539,30,0,1
HYDE PARK,41,2016,BLACK P STONES,1.0,0.06703702649837161,202,2,19
HYDE PARK,41,2017,BLACK P STONES,1.0,0.06703702649837161,217,1,22
HYDE PARK,41,2018,BLACK P STONES,1.0,0.06703702649837161,232,4,21
HYDE PARK,41,2019,BLACK P STONES,1.0,0.06703702649837161,277,0,27
HYDE PARK,41,2020,BLACK P STONES,1.0,0.06703702649837161,191,0,17
HYDE PARK,41,2021,BLACK P STONES,1.0,0.11542187213654395,252,5,19
HYDE PARK,41,2022,BLACK P STONES,1.0,0.11542187213654395,243,1,20
HYDE PARK,41,2023,BLACK P STONES,2.0,0.11549113124287277,255,1,22
HYDE PARK,41,2024,BLACK P STONES,1.0,0.11546633500718902,269,2,31
WOODLAWN,42,2008,GANGSTER DISCIPLES,7.0,0.6407740788986171,1432,8,0
WOODLAWN,42,2009,GANGSTER DISCIPLES,7.0,0.6407740788986171,1359,9,0
WOODLAWN,42,2010,GANGSTER DISCIPLES,4.0,0.6703927360548816,1325,8,0
WOODLAWN,42,2011,,,,1188,14,0
WOODLAWN,42,2012,GANGSTER DISCIPLES,3.0,0.40384578483750017,1070,20,0
WOODLAWN,42,2013,,,,1042,8,0
WOODLAWN,42,2014,GANGSTER DISCIPLES,5.0,0.4339917222563896,878,4,156
WOODLAWN,42,2015,GANGSTER DISCIPLES,5.0,0.4531865889309149,132,8,3
WOODLAWN,42,2016,GANGSTER DISCIPLES,5.0,0.4531865828410857,922,9,163
WOODLAWN,42,2017,GANGSTER DISCIPLES,5.0,0.45318658284108543,1034,14,171
WOODLAWN,42,2018,GANGSTER DISCIPLES,5.0,0.4531865828410854,937,13,170
WOODLAWN,42,2019,GANGSTER DISCIPLES,5.0,0.4414101039666333,1040,8,135
WOODLAWN,42,2020,GANGSTER DISCIPLES,5.0,0.44141010396663344,851,8,89
WOODLAWN,42,2021,GANGSTER DISCIPLES,5.0,0.3230838546369902,857,18,83
WOODLAWN,42,2022,GANGSTER DISCIPLES,5.0,0.37430844046687783,820,14,69
WOODLAWN,42,2023,GANGSTER DISCIPLES,5.0,0.38993189263778233,775,10,69
WOODLAWN,42,2024,GANGSTER DISCIPLES,5.0,0.33100020197661584,888,13,112
ROGERS PARK,1,2008,GANGSTER DISCIPLES,7.0,0.34418815790864404,917,5,0
ROGERS PARK,1,2009,GANGSTER DISCIPLES,7.0,0.34418815790864404,904,2,0
ROGERS PARK,1,2010,GANGSTER DISCIPLES,6.0,0.3670783462159718,886,3,0
ROGERS PARK,1,2011,,,,885,4,0
ROGERS PARK,1,2012,GANGSTER DISCIPLES,8.0,0.3967961072278076,859,6,0
ROGERS PARK,1,2013,,,,774,4,0
ROGERS PARK,1,2014,GANGSTER DISCIPLES,7.0,0.624170093019659,670,8,134
ROGERS PARK,1,2015,GANGSTER DISCIPLES,7.0,0.6485108343717954,76,6,3
ROGERS PARK,1,2016,GANGSTER DISCIPLES,7.0,0.6485108628502686,595,5,88
ROGERS PARK,1,2017,GANGSTER DISCIPLES,7.0,0.6485108628502686,602,4,102
ROGERS PARK,1,2018,GANGSTER DISCIPLES,6.0,0.6175962139166986,622,6,120
ROGERS PARK,1,2019,GANGSTER DISCIPLES,5.0,0.6122089941630932,639,6,125
ROGERS PARK,1,2020,GANGSTER DISCIPLES,5.0,0.6122089941630932,580,6,81
ROGERS PARK,1,2021,GANGSTER DISCIPLES,5.0,0.6122089941630932,620,2,76
ROGERS PARK,1,2022,GANGSTER DISCIPLES,5.0,0.6122089941630932,668,8,91
ROGERS PARK,1,2023,GANGSTER DISCIPLES,5.0,0.6124929665662885,642,7,106
ROGERS PARK,1,2024,GANGSTER DISCIPLES,5.0,0.6122089941630933,627,8,106
JEFFERSON PARK,11,2008,,,,290,1,0
JEFFERSON PARK,11,2009,,,,285,0,0
JEFFERSON PARK,11,2010,AZTECAS,1.0,0.006937929572320477,260,0,0
JEFFERSON PARK,11,2011,,,,208,2,0
JEFFERSON PARK,11,2012,,,,221,0,0
JEFFERSON PARK,11,2013,,,,229,1,0
JEFFERSON PARK,11,2014,,,,182,1,27
JEFFERSON PARK,11,2015,,,,29,1,1
JEFFERSON PARK,11,2016,,,,170,1,26
JEFFERSON PARK,11,2017,,,,179,1,25
JEFFERSON PARK,11,2018,,,,188,1,31
JEFFERSON PARK,11,2019,,,,190,0,45
JEFFERSON PARK,11,2020,,,,173,0,27
JEFFERSON PARK,11,2021,,,,150,0,27
JEFFERSON PARK,11,2022,,,,191,1,22
JEFFERSON PARK,11,2023,,,,186,0,17
JEFFERSON PARK,11,2024,,,,154,2,19
FOREST GLEN,12,2008,,,,109,0,0
FOREST GLEN,12,2009,,,,93,1,0
FOREST GLEN,12,2010,,,,94,1,0
FOREST GLEN,12,2011,,,,95,0,0
FOREST GLEN,12,2012,,,,61,0,0
FOREST GLEN,12,2013,,,,46,0,0
FOREST GLEN,12,2014,,,,47,0,13
FOREST GLEN,12,2015,,,,8,0,1
FOREST GLEN,12,2016,,,,79,0,8
FOREST GLEN,12,2017,,,,64,0,3
FOREST GLEN,12,2018,,,,58,0,8
FOREST GLEN,12,2019,,,,57,0,10
FOREST GLEN,12,2020,,,,68,0,11
FOREST GLEN,12,2021,,,,65,0,5
FOREST GLEN,12,2022,,,,56,0,7
FOREST GLEN,12,2023,,,,69,1,7
FOREST GLEN,12,2024,,,,56,0,7
NORTH PARK,13,2008,LATIN KINGS,3.0,0.043770369144718116,175,0,0
NORTH PARK,13,2009,LATIN KINGS,3.0,0.043770369144718116,145,2,0
NORTH PARK,13,2010,SIMON CITY ROYALS,4.0,0.08591547301279108,126,1,0
NORTH PARK,13,2011,,,,124,1,0
NORTH PARK,13,2012,LATIN KINGS,2.0,0.015398694116182839,119,0,0
NORTH PARK,13,2013,,,,99,0,0
NORTH PARK,13,2014,LATIN KINGS,4.0,0.01612460060889496,88,0,27
NORTH PARK,13,2015,LATIN KINGS,4.0,0.016124600608894965,17,0,2
NORTH PARK,13,2016,LATIN KINGS,4.0,0.01612459671361576,121,1,12
NORTH PARK,13,2017,LATIN KINGS,4.0,0.01612459671361576,125,1,16
NORTH PARK,13,2018,LATIN KINGS,4.0,0.01612459671361576,115,2,14
NORTH PARK,13,2019,LATIN KINGS,4.0,0.01612459671361576,122,0,15
NORTH PARK,13,2020,LATIN KINGS,4.0,0.01612459671361576,98,1,6
NORTH PARK,13,2021,LATIN KINGS,4.0,0.016124596713615765,99,2,8
NORTH PARK,13,2022,LATIN KINGS,4.0,0.016124596713615765,134,2,14
NORTH PARK,13,2023,LATIN KINGS,3.0,0.015982492655536123,165,1,13
NORTH PARK,13,2024,LATIN KINGS,3.0,0.016087392585877158,173,0,33
ALBANY PARK,14,2008,LA FAMILIA STONES,6.0,0.37653929955636534,601,3,0
ALBANY PARK,14,2009,LA FAMILIA STONES,6.0,0.37653929955636534,549,8,0
ALBANY PARK,14,2010,SPANISH COBRAS,6.0,0.33881964282105964,519,1,0
ALBANY PARK,14,2011,,,,453,2,0
ALBANY PARK,14,2012,LATIN KINGS,6.0,0.2701437326750569,502,5,0
ALBANY PARK,14,2013,,,,428,4,0
ALBANY PARK,14,2014,LATIN KINGS,6.0,0.2749940823001592,377,2,103
ALBANY PARK,14,2015,LATIN KINGS,6.0,0.3156860632744843,55,5,3
ALBANY PARK,14,2016,LATIN KINGS,6.0,0.31568606071500055,393,3,53
ALBANY PARK,14,2017,LATIN KINGS,6.0,0.31568606071500055,374,1,60
ALBANY PARK,14,2018,LATIN KINGS,6.0,0.31568606071500055,437,4,75
ALBANY PARK,14,2019,LATIN KINGS,7.0,0.3321452856213166,363,1,44
ALBANY PARK,14,2020,LATIN KINGS,7.0,0.3321452856213166,315,7,41
ALBANY PARK,14,2021,LATIN KINGS,7.0,0.3321452856213166,366,2,45
ALBANY PARK,14,2022,LATIN KINGS,7.0,0.33214528562131657,385,6,58
ALBANY PARK,14,2023,LATIN KINGS,7.0,0.3319228840193439,463,5,80
ALBANY PARK,14,2024,LATIN KINGS,6.0,0.33201007809830296,438,6,86
PORTAGE PARK,15,2008,LATIN KINGS,4.0,0.11750195708217365,938,1,0
PORTAGE PARK,15,2009,LATIN KINGS,4.0,0.11750195708217365,884,0,0
PORTAGE PARK,15,2010,LATIN KINGS,4.0,0.11368271158256259,839,2,0
PORTAGE PARK,15,2011,,,,746,2,0
PORTAGE PARK,15,2012,SPANISH FOUR CORNER HUSTLERS,3.0,0.37651872841490264,638,4,0
PORTAGE PARK,15,2013,,,,660,3,0
PORTAGE PARK,15,2014,SPANISH FOUR CORNER HUSTLERS,6.0,0.19408670467929706,561,2,110
PORTAGE PARK,15,2015,SPANISH FOUR CORNER HUSTLERS,4.0,0.19403419787816528,90,3,6
PORTAGE PARK,15,2016,SPANISH FOUR CORNER HUSTLERS,4.0,0.11331709583117582,588,1,81
PORTAGE PARK,15,2017,SPANISH FOUR CORNER HUSTLERS,3.0,0.11329975712684902,616,1,104
PORTAGE PARK,15,2018,SPANISH FOUR CORNER HUSTLERS,4.0,0.11331705079700669,640,1,116
PORTAGE PARK,15,2019,SPANISH FOUR CORNER HUSTLERS,4.0,0.1133170507970067,624,3,110
PORTAGE PARK,15,2020,SPANISH FOUR CORNER HUSTLERS,4.0,0.11331705079700669,582,6,98
PORTAGE PARK,15,2021,SPANISH FOUR CORNER HUSTLERS,4.0,0.11331705079700669,546,3,76
PORTAGE PARK,15,2022,SPANISH FOUR CORNER HUSTLERS,4.0,0.11331705079700669,631,3,96
PORTAGE PARK,15,2023,SPANISH FOUR CORNER HUSTLERS,4.0,0.11320365991280606,611,3,82
PORTAGE PARK,15,2024,SPANISH FOUR CORNER HUSTLERS,4.0,0.11331705079700669,557,1,108
IRVING PARK,16,2008,LA FAMILIA STONES,3.0,0.20090561780394012,740,2,0
IRVING PARK,16,2009,LA FAMILIA STONES,3.0,0.20090561780394012,671,2,0
IRVING PARK,16,2010,LA FAMILIA STONES,4.0,0.23590860962198737,677,2,0
IRVING PARK,16,2011,,,,613,3,0
IRVING PARK,16,2012,LA FAMILIA STONES,4.0,0.20491640476942075,571,2,0
IRVING PARK,16,2013,,,,495,2,0
IRVING PARK,16,2014,LA FAMILIA STONES,5.0,0.2047193635585013,426,1,72
IRVING PARK,16,2015,LA FAMILIA STONES,5.0,0.17035165363098803,104,7,6
IRVING PARK,16,2016,LA FAMILIA STONES,5.0,0.17035167381372363,494,5,75
IRVING PARK,16,2017,LA FAMILIA STONES,5.0,0.17035167381372363,484,2,65
IRVING PARK,16,2018,LA FAMILIA STONES,6.0,0.20979126194500225,424,0,56
IRVING PARK,16,2019,LA FAMILIA STONES,6.0,0.20979126194500228,415,3,65
IRVING PARK,16,2020,LA FAMILIA STONES,6.0,0.20979126194500228,380,2,45
IRVING PARK,16,2021,LA FAMILIA STONES,6.0,0.20979126194500228,411,2,52
IRVING PARK,16,2022,LA FAMILIA STONES,6.0,0.20979126194500228,388,3,55
IRVING PARK,16,2023,LA FAMILIA STONES,6.0,0.20997896748490566,458,2,67
IRVING PARK,16,2024,LA FAMILIA STONES,4.0,0.13760830529870954,434,2,68
DUNNING,17,2008,,,,403,0,0
DUNNING,17,2009,,,,388,1,0
DUNNING,17,2010,MANIAC LATIN DISCIPLES,1.0,0.004293534557131882,385,3,0
DUNNING,17,2011,,,,359,0,0
DUNNING,17,2012,,,,316,1,0
DUNNING,17,2013,,,,304,1,0
DUNNING,17,2014,MANIAC LATIN DISCIPLES,1.0,3.688086498962899e-05,309,3,61
DUNNING,17,2015,MANIAC LATIN DISCIPLES,1.0,3.688086498962899e-05,56,0,0
DUNNING,17,2016,MANIAC LATIN DISCIPLES,1.0,3.687929133401648e-05,311,1,44
DUNNING,17,2017,MANIAC LATIN DISCIPLES,1.0,3.687929133401648e-05,313,0,71
DUNNING,17,2018,MANIAC LATIN DISCIPLES,1.0,3.692128213791001e-05,365,0,73
DUNNING,17,2019,MANIAC LATIN DISCIPLES,1.0,3.692128213791001e-05,300,6,41
DUNNING,17,2020,MANIAC LATIN DISCIPLES,1.0,3.692128213791001e-05,279,3,43
DUNNING,17,2021,MANIAC LATIN DISCIPLES,1.0,3.692128213791001e-05,388,3,51
DUNNING,17,2022,MANIAC LATIN DISCIPLES,1.0,3.692128213791001e-05,314,1,46
DUNNING,17,2023,MANIAC LATIN DISCIPLES,1.0,3.9987382923364504e-09,310,0,40
DUNNING,17,2024,MANIAC LATIN DISCIPLES,1.0,3.692128213791001e-05,331,1,53
MONTCLARE,18,2008,MANIAC LATIN DISCIPLES,1.0,0.11228554296688437,199,1,0
MONTCLARE,18,2009,MANIAC LATIN DISCIPLES,1.0,0.11228554296688437,198,2,0
MONTCLARE,18,2010,MANIAC LATIN DISCIPLES,1.0,0.11228805983173684,194,1,0
MONTCLARE,18,2011,,,,152,0,0
MONTCLARE,18,2012,,,,141,0,0
MONTCLARE,18,2013,,,,132,0,0
MONTCLARE,18,2014,,,,93,0,17
MONTCLARE,18,2015,,,,29,1,0
MONTCLARE,18,2016,,,,137,0,25
MONTCLARE,18,2017,,,,151,1,16
MONTCLARE,18,2018,,,,161,2,22
MONTCLARE,18,2019,,,,130,0,21
MONTCLARE,18,2020,,,,141,1,20
MONTCLARE,18,2021,,,,134,0,15
MONTCLARE,18,2022,,,,116,2,13
MONTCLARE,18,2023,,,,151,1,22
MONTCLARE,18,2024,,,,124,0,22
BELMONT CRAGIN,19,2008,IMPERIAL GANGSTERS,11.0,0.40361250294541856,1228,5,0
BELMONT CRAGIN,19,2009,IMPERIAL GANGSTERS,11.0,0.4036125029454185,1342,1,0
BELMONT CRAGIN,19,2010,IMPERIAL GANGSTERS,10.0,0.3537837321982147,1224,6,0
BELMONT CRAGIN,19,2011,,,,1125,3,0
BELMONT CRAGIN,19,2012,MANIAC LATIN DISCIPLES,11.0,0.4145397507024296,1146,8,0
BELMONT CRAGIN,19,2013,,,,1042,5,0
BELMONT CRAGIN,19,2014,MANIAC LATIN DISCIPLES,14.0,0.4934068862764128,911,5,210
BELMONT CRAGIN,19,2015,MANIAC LATIN DISCIPLES,11.0,0.46683640638316337,158,9,8
BELMONT CRAGIN,19,2016,MANIAC LATIN DISCIPLES,9.0,0.4444020611404349,965,8,179
BELMONT CRAGIN,19,2017,MANIAC LATIN DISCIPLES,9.0,0.42078595549598885,930,8,167
BELMONT CRAGIN,19,2018,MANIAC LATIN DISCIPLES,8.0,0.45712663848236373,988,11,164
BELMONT CRAGIN,19,2019,MANIAC LATIN DISCIPLES,8.0,0.4491086051984328,999,5,179
BELMONT CRAGIN,19,2020,MANIAC LATIN DISCIPLES,8.0,0.4491086051984328,904,2,120
BELMONT CRAGIN,19,2021,MANIAC LATIN DISCIPLES,8.0,0.4491086051984328,929,13,108
BELMONT CRAGIN,19,2022,MANIAC LATIN DISCIPLES,8.0,0.44910860519843276,867,9,104
BELMONT CRAGIN,19,2023,MANIAC LATIN DISCIPLES,8.0,0.4492469469344508,961,10,122
BELMONT CRAGIN,19,2024,MANIAC LATIN DISCIPLES,8.0,0.4491086051984328,1014,4,155
WEST RIDGE,2,2008,LATIN KINGS,3.0,0.039324574877874,763,0,0
WEST RIDGE,2,2009,LATIN KINGS,3.0,0.039324574877874,774,2,0
WEST RIDGE,2,2010,LATIN KINGS,2.0,0.1295038386631413,667,1,0
WEST RIDGE,2,2011,,,,639,0,0
WEST RIDGE,2,2012,LATIN KINGS,3.0,0.09199055696693842,592,6,0
WEST RIDGE,2,2013,,,,654,1,0
WEST RIDGE,2,2014,LATIN KINGS,3.0,0.23605182184362067,542,3,102
WEST RIDGE,2,2015,LATIN KINGS,3.0,0.23605182184362067,82,4,0
WEST RIDGE,2,2016,LATIN KINGS,3.0,0.23605180688273042,519,7,90
WEST RIDGE,2,2017,LATIN KINGS,3.0,0.23605180688273034,537,2,80
WEST RIDGE,2,2018,LATIN KINGS,3.0,0.23605180688273034,573,6,109
WEST RIDGE,2,2019,LATIN KINGS,3.0,0.23605180688273034,571,3,96
WEST RIDGE,2,2020,LATIN KINGS,3.0,0.23605180688273034,563,6,78
WEST RIDGE,2,2021,LATIN KINGS,3.0,0.23605180688273025,545,2,66
WEST RIDGE,2,2022,LATIN KINGS,3.0,0.23605180688273025,574,6,85
WEST RIDGE,2,2023,LATIN KINGS,2.0,0.17924883047886547,638,4,98
WEST RIDGE,2,2024,LATIN KINGS,2.0,0.17927808942781062,567,4,99
HERMOSA,20,2008,SPANISH COBRAS,7.0,0.5735600612690359,530,5,0
HERMOSA,20,2009,SPANISH COBRAS,7.0,0.5735600612690359,538,3,0
HERMOSA,20,2010,SPANISH COBRAS,7.0,0.42563291364609046,497,2,0
HERMOSA,20,2011,,,,404,2,0
HERMOSA,20,2012,SPANISH COBRAS,4.0,0.59406881461901,399,1,0
HERMOSA,20,2013,,,,372,2,0
HERMOSA,20,2014,SPANISH COBRAS,4.0,0.6361174193852053,351,3,94
HERMOSA,20,2015,SPANISH COBRAS,3.0,0.5269551690072092,56,0,6
HERMOSA,20,2016,SPANISH COBRAS,3.0,0.5269551540261131,316,6,53
HERMOSA,20,2017,SPANISH COBRAS,3.0,0.5269551540261131,314,3,62
HERMOSA,20,2018,SPANISH COBRAS,4.0,0.5404744582114859,329,2,61
HERMOSA,20,2019,SPANISH COBRAS,3.0,0.5269551540261131,317,0,59
HERMOSA,20,2020,SPANISH COBRAS,3.0,0.526955154026113,285,2,40
HERMOSA,20,2021,SPANISH COBRAS,3.0,0.526955154026113,339,3,34
HERMOSA,20,2022,SPANISH COBRAS,3.0,0.526955154026113,282,1,38
HERMOSA,20,2023,SPANISH COBRAS,3.0,0.5267189749928303,317,2,41
HERMOSA,20,2024,SPANISH COBRAS,3.0,0.526955154026113,314,2,54
AVONDALE,21,2008,MANIAC LATIN DISCIPLES,4.0,0.4497346169972165,604,4,0
AVONDALE,21,2009,MANIAC LATIN DISCIPLES,4.0,0.4497346169972165,563,1,0
AVONDALE,21,2010,MANIAC LATIN DISCIPLES,4.0,0.5732412139365901,511,1,0
AVONDALE,21,2011,,,,514,3,0
AVONDALE,21,2012,MANIAC LATIN DISCIPLES,4.0,0.44492965085281566,505,2,0
AVONDALE,21,2013,,,,445,4,0
AVONDALE,21,2014,MANIAC LATIN DISCIPLES,5.0,0.4596572623786394,381,0,92
AVONDALE,21,2015,MANIAC LATIN DISCIPLES,5.0,0.4778389530548177,36,2,1
AVONDALE,21,2016,MANIAC LATIN DISCIPLES,5.0,0.4717317730933323,341,3,62
AVONDALE,21,2017,MANIAC LATIN DISCIPLES,5.0,0.38506214158515517,343,2,71
AVONDALE,21,2018,MANIAC LATIN DISCIPLES,5.0,0.43373745965318505,331,6,62
AVONDALE,21,2019,MANIAC LATIN DISCIPLES,5.0,0.43373751932805493,320,2,55
AVONDALE,21,2020,MANIAC LATIN DISCIPLES,5.0,0.43373751932805493,282,4,51
AVONDALE,21,2021,MANIAC LATIN DISCIPLES,5.0,0.456256385531563,272,3,36
AVONDALE,21,2022,MANIAC LATIN DISCIPLES,5.0,0.456256385531563,319,2,46
AVONDALE,21,2023,MANIAC LATIN DISCIPLES,5.0,0.45613303510488956,337,1,58
AVONDALE,21,2024,MANIAC LATIN DISCIPLES,5.0,0.39196369367079564,336,0,52
LOGAN SQUARE,22,2008,MANIAC LATIN DISCIPLES,10.0,0.3536169711236563,1212,7,0
LOGAN SQUARE,22,2009,MANIAC LATIN DISCIPLES,10.0,0.3536169711236563,1142,6,0
LOGAN SQUARE,22,2010,MANIAC LATIN DISCIPLES,10.0,0.36384400937318395,992,2,0
LOGAN SQUARE,22,2011,,,,975,2,0
LOGAN SQUARE,22,2012,IMPERIAL GANGSTERS,10.0,0.3126094255294592,925,2,0
LOGAN SQUARE,22,2013,,,,792,4,0
LOGAN SQUARE,22,2014,IMPERIAL GANGSTERS,10.0,0.3519971286744056,717,7,174
LOGAN SQUARE,22,2015,IMPERIAL GANGSTERS,10.0,0.3387132602764216,92,8,4
LOGAN SQUARE,22,2016,IMPERIAL GANGSTERS,8.0,0.3179872143304113,623,5,108
LOGAN SQUARE,22,2017,IMPERIAL GANGSTERS,8.0,0.20914988508423646,582,5,114
LOGAN SQUARE,22,2018,IMPERIAL GANGSTERS,7.0,0.19542223587731003,645,4,93
LOGAN SQUARE,22,2019,IMPERIAL GANGSTERS,7.0,0.19542223587730997,560,4,118
LOGAN SQUARE,22,2020,IMPERIAL GANGSTERS,7.0,0.19542223587731,570,5,98
LOGAN SQUARE,22,2021,IMPERIAL GANGSTERS,7.0,0.19851253200802835,569,7,53
LOGAN SQUARE,22,2022,IMPERIAL GANGSTERS,7.0,0.19851253200802835,493,8,65
LOGAN SQUARE,22,2023,IMPERIAL GANGSTERS,7.0,0.19845875136570545,594,4,108
LOGAN SQUARE,22,2024,IMPERIAL GANGSTERS,6.0,0.1607010081923737,585,3,69
BURNSIDE,47,2008,GANGSTER DISCIPLES,4.0,0.41645179308479424,147,2,0
BURNSIDE,47,2009,GANGSTER DISCIPLES,3.0,0.4208083124569516,153,5,0
BURNSIDE,47,2010,FOUR CORNER HUSTLERS,4.0,0.7708770741458314,105,1,0
BURNSIDE,47,2011,,,,108,1,0
BURNSIDE,47,2012,GANGSTER DISCIPLES,2.0,0.9690521348839732,102,1,0
BURNSIDE,47,2013,,,,89,1,0
BURNSIDE,47,2014,GANGSTER DISCIPLES,3.0,0.9785374703945247,67,3,11
BURNSIDE,47,2015,GANGSTER DISCIPLES,3.0,0.9785374703945247,8,3,0
BURNSIDE,47,2016,GANGSTER DISCIPLES,3.0,0.8366639521173013,98,0,15
BURNSIDE,47,2017,GANGSTER DISCIPLES,2.0,0.8107881287261621,91,1,11
BURNSIDE,47,2018,GANGSTER DISCIPLES,2.0,0.8199211773751279,93,1,13
BURNSIDE,47,2019,GANGSTER DISCIPLES,2.0,0.8199211773751279,103,0,11
BURNSIDE,47,2020,GANGSTER DISCIPLES,2.0,0.8199211773751279,93,2,10
BURNSIDE,47,2021,GANGSTER DISCIPLES,2.0,0.8199211773751279,112,0,15
BURNSIDE,47,2022,GANGSTER DISCIPLES,2.0,0.8199211773751279,89,1,8
BURNSIDE,47,2023,GANGSTER DISCIPLES,1.0,0.8318672898691025,86,1,13
BURNSIDE,47,2024,GANGSTER DISCIPLES,1.0,0.8320081679856929,82,0,6
HUMBOLDT PARK,23,2008,TRAVELING VICE LORDS,18.0,0.5507499813070117,2372,27,0
HUMBOLDT PARK,23,2009,TRAVELING VICE LORDS,18.0,0.5507499813070117,2356,23,0
HUMBOLDT PARK,23,2010,TRAVELING VICE LORDS,17.0,0.552718764618237,2128,27,0
HUMBOLDT PARK,23,2011,,,,2109,21,0
HUMBOLDT PARK,23,2012,TRAVELING VICE LORDS,17.0,0.5593124666909588,1938,18,0
HUMBOLDT PARK,23,2013,,,,1747,16,0
HUMBOLDT PARK,23,2014,TRAVELING VICE LORDS,19.0,0.6227382696884108,1588,26,325
HUMBOLDT PARK,23,2015,TRAVELING VICE LORDS,19.0,0.6615865102511941,257,18,9
HUMBOLDT PARK,23,2016,TRAVELING VICE LORDS,16.0,0.6559804800863317,1742,29,261
HUMBOLDT PARK,23,2017,TRAVELING VICE LORDS,14.0,0.48928094017122414,1570,30,233
HUMBOLDT PARK,23,2018,TRAVELING VICE LORDS,14.0,0.5054137613985022,1612,21,233
HUMBOLDT PARK,23,2019,TRAVELING VICE LORDS,13.0,0.4475326978120137,1522,29,248
HUMBOLDT PARK,23,2020,TRAVELING VICE LORDS,13.0,0.5140142513320712,1419,43,170
HUMBOLDT PARK,23,2021,TRAVELING VICE LORDS,12.0,0.5225617853457764,1403,35,139
HUMBOLDT PARK,23,2022,TRAVELING VICE LORDS,12.0,0.508845978491059,1298,23,151
HUMBOLDT PARK,23,2023,TRAVELING VICE LORDS,12.0,0.5025448504659048,1316,22,169
HUMBOLDT PARK,23,2024,TRAVELING VICE LORDS,12.0,0.5112809692464324,1288,17,199
WEST TOWN,24,2008,SATAN DISCIPLES,12.0,0.31925839338858736,1105,9,0
WEST TOWN,24,2009,SATAN DISCIPLES,12.0,0.31925839338858736,1127,12,0
WEST TOWN,24,2010,SATAN DISCIPLES,12.0,0.2929320174501103,1003,3,0
WEST TOWN,24,2011,,,,941,3,0
WEST TOWN,24,2012,SATAN DISCIPLES,12.0,0.2446002318329591,886,6,0
WEST TOWN,24,2013,,,,767,8,0
WEST TOWN,24,2014,SATAN DISCIPLES,11.0,0.24296223439127107,726,5,125
WEST TOWN,24,2015,SATAN DISCIPLES,11.0,0.24296223439127113,113,5,6
WEST TOWN,24,2016,MANIAC LATIN DISCIPLES,10.0,0.2603100187174954,682,10,93
WEST TOWN,24,2017,MANIAC LATIN DISCIPLES,11.0,0.2401001422081912,666,7,88
WEST TOWN,24,2018,MANIAC LATIN DISCIPLES,11.0,0.24010014220819115,640,9,95
WEST TOWN,24,2019,MANIAC LATIN DISCIPLES,11.0,0.24010014220819115,666,5,116
WEST TOWN,24,2020,MANIAC LATIN DISCIPLES,11.0,0.24010014220819115,535,12,80
WEST TOWN,24,2021,MANIAC LATIN DISCIPLES,11.0,0.23668258724386226,578,11,68
WEST TOWN,24,2022,MANIAC LATIN DISCIPLES,11.0,0.23668258724386232,565,10,87
WEST TOWN,24,2023,MANIAC LATIN DISCIPLES,11.0,0.2367591521306252,619,5,75
WEST TOWN,24,2024,MANIAC LATIN DISCIPLES,9.0,0.22017061373123795,609,3,98
AUSTIN,25,2008,FOUR CORNER HUSTLERS,17.0,0.33074265802945957,5166,41,0
AUSTIN,25,2009,FOUR CORNER HUSTLERS,17.0,0.33074265802945957,5109,41,0
AUSTIN,25,2010,FOUR CORNER HUSTLERS,12.0,0.3921538248318243,4525,23,0
AUSTIN,25,2011,,,,4406,30,0
AUSTIN,25,2012,FOUR CORNER HUSTLERS,13.0,0.37002840025730277,4342,37,0
AUSTIN,25,2013,,,,4147,31,0
AUSTIN,25,2014,FOUR CORNER HUSTLERS,13.0,0.4104121337511159,3664,37,727
AUSTIN,25,2015,FOUR CORNER HUSTLERS,13.0,0.4053189920102337,605,50,27
AUSTIN,25,2016,FOUR CORNER HUSTLERS,13.0,0.40531899050012266,3914,88,579
AUSTIN,25,2017,FOUR CORNER HUSTLERS,11.0,0.38126549326132,3742,82,556
AUSTIN,25,2018,FOUR CORNER HUSTLERS,10.0,0.38782205310592854,3827,56,577
AUSTIN,25,2019,FOUR CORNER HUSTLERS,10.0,0.3720797289357976,3838,54,635
AUSTIN,25,2020,FOUR CORNER HUSTLERS,12.0,0.40265985828121326,3735,83,506
AUSTIN,25,2021,FOUR CORNER HUSTLERS,12.0,0.4184596382027927,3526,72,394
AUSTIN,25,2022,FOUR CORNER HUSTLERS,12.0,0.3650228825029256,2986,50,343
AUSTIN,25,2023,FOUR CORNER HUSTLERS,12.0,0.3903067978120923,3139,48,362
AUSTIN,25,2024,FOUR CORNER HUSTLERS,12.0,0.40083709998565714,3402,49,468
GARFIELD RIDGE,56,2008,LATIN KINGS,3.0,0.14409877582244626,507,5,0
GARFIELD RIDGE,56,2009,LATIN KINGS,3.0,0.14409877582244626,464,3,0
GARFIELD RIDGE,56,2010,LATIN KINGS,5.0,0.2827332006748984,332,1,0
GARFIELD RIDGE,56,2011,,,,317,0,0
GARFIELD RIDGE,56,2012,LATIN KINGS,3.0,0.1052853557892918,335,1,0
GARFIELD RIDGE,56,2013,,,,274,2,0
GARFIELD RIDGE,56,2014,LATIN KINGS,3.0,0.18414195621005908,249,1,41
GARFIELD RIDGE,56,2015,LATIN KINGS,3.0,0.18414195621005905,39,4,0
GARFIELD RIDGE,56,2016,LATIN KINGS,3.0,0.18414196323746107,272,3,52
GARFIELD RIDGE,56,2017,LATIN KINGS,3.0,0.18414196323746107,286,5,41
GARFIELD RIDGE,56,2018,LATIN KINGS,3.0,0.1841419632374611,287,2,38
GARFIELD RIDGE,56,2019,LATIN KINGS,3.0,0.18414196323746107,249,3,41
GARFIELD RIDGE,56,2020,LATIN KINGS,3.0,0.18414196323746107,270,4,34
GARFIELD RIDGE,56,2021,LATIN KINGS,3.0,0.20462313352782663,260,3,27
GARFIELD RIDGE,56,2022,LATIN KINGS,3.0,0.20462313352782663,263,0,26
GARFIELD RIDGE,56,2023,LATIN KINGS,3.0,0.2047801485546542,258,4,40
GARFIELD RIDGE,56,2024,LATIN KINGS,3.0,0.2643059357950321,290,4,38
WEST GARFIELD PARK,26,2008,FOUR CORNER HUSTLERS,8.0,0.5799091017300398,1386,15,0
WEST GARFIELD PARK,26,2009,FOUR CORNER HUSTLERS,8.0,0.5799091017300397,1214,12,0
WEST GARFIELD PARK,26,2010,FOUR CORNER HUSTLERS,5.0,0.36722537713435377,1125,18,0
WEST GARFIELD PARK,26,2011,,,,1172,15,0
WEST GARFIELD PARK,26,2012,FOUR CORNER HUSTLERS,6.0,0.5909279149081422,1159,11,0
WEST GARFIELD PARK,26,2013,,,,1083,15,0
WEST GARFIELD PARK,26,2014,FOUR CORNER HUSTLERS,6.0,0.5909279149135063,969,20,141
WEST GARFIELD PARK,26,2015,FOUR CORNER HUSTLERS,5.0,0.6543993109925933,165,15,9
WEST GARFIELD PARK,26,2016,FOUR CORNER HUSTLERS,5.0,0.6543993534640385,1107,30,125
WEST GARFIELD PARK,26,2017,FOUR CORNER HUSTLERS,5.0,0.6020470519537533,1107,15,177
WEST GARFIELD PARK,26,2018,FOUR CORNER HUSTLERS,5.0,0.6202692551693375,1164,27,147
WEST GARFIELD PARK,26,2019,FOUR CORNER HUSTLERS,5.0,0.6202692551693374,1233,24,158
WEST GARFIELD PARK,26,2020,FOUR CORNER HUSTLERS,5.0,0.685933112149238,1080,39,104
WEST GARFIELD PARK,26,2021,FOUR CORNER HUSTLERS,5.0,0.6859331121492378,1040,38,81
WEST GARFIELD PARK,26,2022,FOUR CORNER HUSTLERS,5.0,0.6215864634884054,892,28,82
WEST GARFIELD PARK,26,2023,FOUR CORNER HUSTLERS,5.0,0.6205368372107075,932,30,89
WEST GARFIELD PARK,26,2024,FOUR CORNER HUSTLERS,5.0,0.6395655299415897,920,17,108
EAST GARFIELD PARK,27,2008,BLACK SOULS,5.0,0.5575345729599395,1353,11,0
EAST GARFIELD PARK,27,2009,BLACK SOULS,5.0,0.5575345729599395,1343,16,0
EAST GARFIELD PARK,27,2010,TRAVELING VICE LORDS,5.0,0.38355764986565893,1251,9,0
EAST GARFIELD PARK,27,2011,,,,1182,11,0
EAST GARFIELD PARK,27,2012,BLACK SOULS,6.0,0.43290323434500266,1176,8,0
EAST GARFIELD PARK,27,2013,,,,1109,11,0
EAST GARFIELD PARK,27,2014,BLACK SOULS,6.0,0.43290323434872235,1073,11,134
EAST GARFIELD PARK,27,2015,BLACK SOULS,5.0,0.5642113324196867,145,17,8
EAST GARFIELD PARK,27,2016,BLACK SOULS,5.0,0.5642113624051274,1167,29,123
EAST GARFIELD PARK,27,2017,BLACK SOULS,4.0,0.662018568167044,1089,21,142
EAST GARFIELD PARK,27,2018,BLACK SOULS,4.0,0.6663951947073432,1209,22,147
EAST GARFIELD PARK,27,2019,BLACK SOULS,4.0,0.6663951947073432,1125,17,168
EAST GARFIELD PARK,27,2020,UNKNOWN VICE LORDS,5.0,0.590684357362232,988,26,90
EAST GARFIELD PARK,27,2021,UNKNOWN VICE LORDS,6.0,0.5987988054263051,1058,31,99
EAST GARFIELD PARK,27,2022,BLACK SOULS,6.0,0.5505088517650483,963,19,107
EAST GARFIELD PARK,27,2023,BLACK SOULS,6.0,0.658944005417214,967,25,98
EAST GARFIELD PARK,27,2024,BLACK SOULS,6.0,0.6608583633028438,1002,17,90
NEAR WEST SIDE,28,2008,NEW BREED,11.0,0.09563717018609841,1152,10,0
NEAR WEST SIDE,28,2009,NEW BREED,11.0,0.09563717018609841,1115,10,0
NEAR WEST SIDE,28,2010,NEW BREED,9.0,0.09985784637045102,980,6,0
NEAR WEST SIDE,28,2011,,,,958,10,0
NEAR WEST SIDE,28,2012,NEW BREED,9.0,0.19434294923658574,1062,15,0
NEAR WEST SIDE,28,2013,,,,896,7,0
NEAR WEST SIDE,28,2014,NEW BREED,10.0,0.19436416923443,866,7,101
NEAR WEST SIDE,28,2015,NEW BREED,10.0,0.19436651534296645,154,11,3
NEAR WEST SIDE,28,2016,NEW BREED,10.0,0.19436649639869022,1049,13,129
NEAR WEST SIDE,28,2017,NEW BREED,10.0,0.17900624142312285,972,15,114
NEAR WEST SIDE,28,2018,NEW BREED,9.0,0.17802897833323322,1086,9,117
NEAR WEST SIDE,28,2019,NEW BREED,9.0,0.17802897833323328,1056,8,152
NEAR WEST SIDE,28,2020,NEW BREED,9.0,0.1780289783332333,848,11,91
NEAR WEST SIDE,28,2021,NEW BREED,9.0,0.17802897833323322,972,21,79
NEAR WEST SIDE,28,2022,NEW BREED,10.0,0.19413148085785709,1015,18,81
NEAR WEST SIDE,28,2023,NEW BREED,10.0,0.2007631788488814,1084,16,116
NEAR WEST SIDE,28,2024,NEW BREED,10.0,0.2023546339279153,1177,16,133
NORTH LAWNDALE,29,2008,NEW BREED,10.0,0.4791360089052407,2293,17,0
NORTH LAWNDALE,29,2009,NEW BREED,10.0,0.4791360089052407,2285,22,0
NORTH LAWNDALE,29,2010,GANGSTER DISCIPLES,9.0,0.3438947245782555,2191,20,0
NORTH LAWNDALE,29,2011,,,,2084,16,0
NORTH LAWNDALE,29,2012,GANGSTER DISCIPLES,10.0,0.45854239774893696,2165,19,0
NORTH LAWNDALE,29,2013,,,,1964,16,0
NORTH LAWNDALE,29,2014,TRAVELING VICE LORDS,9.0,0.40515860412754856,1843,11,301
NORTH LAWNDALE,29,2015,TRAVELING VICE LORDS,9.0,0.3948656117252487,322,23,11
NORTH LAWNDALE,29,2016,TRAVELING VICE LORDS,9.0,0.3948655906481724,2207,33,297
NORTH LAWNDALE,29,2017,TRAVELING VICE LORDS,9.0,0.3592099635563037,2144,43,325
NORTH LAWNDALE,29,2018,GANGSTER DISCIPLES,9.0,0.38287754456463197,2101,32,317
NORTH LAWNDALE,29,2019,GANGSTER DISCIPLES,9.0,0.3828775445646319,2010,24,326
NORTH LAWNDALE,29,2020,GANGSTER DISCIPLES,9.0,0.3721727752497362,2048,40,266
NORTH LAWNDALE,29,2021,GANGSTER DISCIPLES,8.0,0.3870029810464851,1827,45,201
NORTH LAWNDALE,29,2022,GANGSTER DISCIPLES,7.0,0.3965980016028409,1750,28,229
NORTH LAWNDALE,29,2023,GANGSTER DISCIPLES,8.0,0.4033019191965548,1903,28,263
NORTH LAWNDALE,29,2024,GANGSTER DISCIPLES,7.0,0.40341532345919606,1764,28,264
UPTOWN,3,2008,LATIN KINGS,8.0,0.34127108238383763,618,3,0
UPTOWN,3,2009,LATIN KINGS,8.0,0.34127108238383763,562,1,0
UPTOWN,3,2010,LATIN KINGS,5.0,0.40274074763417195,565,4,0
UPTOWN,3,2011,,,,466,5,0
UPTOWN,3,2012,BLACK P STONES,4.0,0.3361279677789505,490,5,0
UPTOWN,3,2013,,,,411,1,0
UPTOWN,3,2014,BLACK P STONES,4.0,0.3539230233440521,372,5,62
UPTOWN,3,2015,BLACK P STONES,4.0,0.3539230233440521,75,13,5
UPTOWN,3,2016,BLACK P STONES,5.0,0.4007396354965737,415,8,81
UPTOWN,3,2017,BLACK P STONES,5.0,0.4234651319479713,450,5,67
UPTOWN,3,2018,BLACK P STONES,5.0,0.42346513194797125,488,2,102
UPTOWN,3,2019,BLACK P STONES,5.0,0.4234651319479713,442,0,82
UPTOWN,3,2020,BLACK P STONES,5.0,0.42346513194797125,365,6,48
UPTOWN,3,2021,BLACK P STONES,5.0,0.42346513194797125,508,2,65
UPTOWN,3,2022,BLACK P STONES,5.0,0.42346513194797125,485,10,59
UPTOWN,3,2023,BLACK P STONES,5.0,0.42370212300741245,492,3,71
UPTOWN,3,2024,BLACK P STONES,5.0,0.42346513194797125,491,2,90
SOUTH LAWNDALE,30,2008,LATIN KINGS,7.0,0.4464780214506373,1130,21,0
SOUTH LAWNDALE,30,2009,LATIN KINGS,7.0,0.4464780214506373,1035,12,0
SOUTH LAWNDALE,30,2010,TWO-SIX,8.0,0.44518077731565653,1035,11,0
SOUTH LAWNDALE,30,2011,,,,974,15,0
SOUTH LAWNDALE,30,2012,LATIN KINGS,8.0,0.2960639014384563,1066,13,0
SOUTH LAWNDALE,30,2013,,,,891,10,0
SOUTH LAWNDALE,30,2014,LATIN KINGS,7.0,0.28009028802682717,966,14,245
SOUTH LAWNDALE,30,2015,LATIN KINGS,7.0,0.29284452857341503,144,13,6
SOUTH LAWNDALE,30,2016,LATIN KINGS,7.0,0.2928445073945077,1024,18,211
SOUTH LAWNDALE,30,2017,LATIN KINGS,7.0,0.2928445073945077,941,7,184
SOUTH LAWNDALE,30,2018,LATIN KINGS,7.0,0.29974102009454595,929,8,205
SOUTH LAWNDALE,30,2019,LATIN KINGS,7.0,0.29974102009454595,929,14,206
SOUTH LAWNDALE,30,2020,LATIN KINGS,7.0,0.29974102009454595,842,22,155
SOUTH LAWNDALE,30,2021,TWO SIX,6.0,0.3053855862910803,771,20,128
SOUTH LAWNDALE,30,2022,TWO SIX,6.0,0.3053855862910803,816,23,139
SOUTH LAWNDALE,30,2023,TWO SIX,7.0,0.305364845754737,827,12,161
SOUTH LAWNDALE,30,2024,TWO SIX,6.0,0.3053855463962547,903,24,178
LOWER WEST SIDE,31,2008,SATAN DISCIPLES,7.0,0.37340625381413095,530,5,0
LOWER WEST SIDE,31,2009,SATAN DISCIPLES,7.0,0.37340625381413095,524,9,0
LOWER WEST SIDE,31,2010,SATAN DISCIPLES,7.0,0.3805388589501136,479,4,0
LOWER WEST SIDE,31,2011,,,,457,2,0
LOWER WEST SIDE,31,2012,SATAN DISCIPLES,7.0,0.46141819259278927,455,7,0
LOWER WEST SIDE,31,2013,,,,432,6,0
LOWER WEST SIDE,31,2014,SATAN DISCIPLES,6.0,0.4472359818518436,357,2,46
LOWER WEST SIDE,31,2015,SATAN DISCIPLES,6.0,0.4472359818518436,55,4,4
LOWER WEST SIDE,31,2016,SATAN DISCIPLES,6.0,0.4472360063091796,445,11,61
LOWER WEST SIDE,31,2017,SATAN DISCIPLES,6.0,0.46363436898346466,436,7,79
LOWER WEST SIDE,31,2018,SATAN DISCIPLES,6.0,0.46363436898346466,407,1,77
LOWER WEST SIDE,31,2019,SATAN DISCIPLES,6.0,0.4636343689834648,389,6,74
LOWER WEST SIDE,31,2020,SATAN DISCIPLES,6.0,0.4636343689834647,273,10,53
LOWER WEST SIDE,31,2021,SATAN DISCIPLES,6.0,0.4636343689834647,328,11,42
LOWER WEST SIDE,31,2022,SATAN DISCIPLES,6.0,0.4636343689834647,389,9,46
LOWER WEST SIDE,31,2023,SATAN DISCIPLES,7.0,0.46399105871848023,374,7,56
LOWER WEST SIDE,31,2024,SATAN DISCIPLES,6.0,0.46363436898346466,535,9,82
NEAR SOUTH SIDE,33,2008,GANGSTER DISCIPLES,1.0,0.024221152592086626,292,1,0
NEAR SOUTH SIDE,33,2009,GANGSTER DISCIPLES,1.0,0.024221152592086626,237,3,0
NEAR SOUTH SIDE,33,2010,,,,206,0,0
NEAR SOUTH SIDE,33,2011,,,,205,0,0
NEAR SOUTH SIDE,33,2012,GANGSTER DISCIPLES,1.0,0.008363808967016056,198,1,0
NEAR SOUTH SIDE,33,2013,,,,197,1,0
NEAR SOUTH SIDE,33,2014,GANGSTER DISCIPLES,1.0,0.008363808968257492,172,0,21
NEAR SOUTH SIDE,33,2015,GANGSTER DISCIPLES,1.0,0.007906459806948315,41,2,0
NEAR SOUTH SIDE,33,2016,GANGSTER DISCIPLES,1.0,0.004793562152163407,199,4,20
NEAR SOUTH SIDE,33,2017,GANGSTER DISCIPLES,1.0,0.004793562152163407,243,0,29
NEAR SOUTH SIDE,33,2018,GANGSTER DISCIPLES,1.0,0.004793562152163407,206,3,21
NEAR SOUTH SIDE,33,2019,GANGSTER DISCIPLES,1.0,0.004793562152163407,224,1,18
NEAR SOUTH SIDE,33,2020,GANGSTER DISCIPLES,1.0,0.004793562152163407,183,1,18
NEAR SOUTH SIDE,33,2021,GANGSTER DISCIPLES,1.0,0.004793562152163407,298,2,31
NEAR SOUTH SIDE,33,2022,GANGSTER DISCIPLES,1.0,0.004793562152163407,272,8,32
NEAR SOUTH SIDE,33,2023,GANGSTER DISCIPLES,1.0,0.004766917857279587,287,6,37
NEAR SOUTH SIDE,33,2024,GANGSTER DISCIPLES,1.0,0.004793562152163407,292,4,38
ARMOUR SQUARE,34,2008,GANGSTER DISCIPLES,2.0,0.06605805750355434,105,0,0
ARMOUR SQUARE,34,2009,GANGSTER DISCIPLES,2.0,0.06605805750355434,132,1,0
ARMOUR SQUARE,34,2010,GANGSTER DISCIPLES,1.0,0.09905749008483504,105,1,0
ARMOUR SQUARE,34,2011,,,,156,0,0
ARMOUR SQUARE,34,2012,GANGSTER DISCIPLES,2.0,0.032004320996984144,173,2,0
ARMOUR SQUARE,34,2013,,,,134,0,0
ARMOUR SQUARE,34,2014,GANGSTER DISCIPLES,1.0,0.031906312730793376,105,1,16
ARMOUR SQUARE,34,2015,GANGSTER DISCIPLES,1.0,0.046146313390288365,31,1,1
ARMOUR SQUARE,34,2016,GANGSTER DISCIPLES,1.0,0.04614630253505811,140,2,22
ARMOUR SQUARE,34,2017,GANGSTER DISCIPLES,1.0,0.03190630305602529,133,0,16
ARMOUR SQUARE,34,2018,GANGSTER DISCIPLES,1.0,0.03190630305602529,120,0,17
ARMOUR SQUARE,34,2019,GANGSTER DISCIPLES,1.0,0.031906303056025286,124,2,20
ARMOUR SQUARE,34,2020,GANGSTER DISCIPLES,1.0,0.031906303056025286,92,5,11
ARMOUR SQUARE,34,2021,GANGSTER DISCIPLES,1.0,0.0319063030560253,91,5,7
ARMOUR SQUARE,34,2022,GANGSTER DISCIPLES,1.0,0.0319063030560253,137,2,10
ARMOUR SQUARE,34,2023,GANGSTER DISCIPLES,1.0,0.03190628970753465,113,1,17
ARMOUR SQUARE,34,2024,GANGSTER DISCIPLES,1.0,0.0319063030560253,133,5,18
NORWOOD PARK,10,2008,,,,276,1,0
NORWOOD PARK,10,2009,,,,234,0,0
NORWOOD PARK,10,2010,,,,224,0,0
NORWOOD PARK,10,2011,,,,209,0,0
NORWOOD PARK,10,2012,,,,209,1,0
NORWOOD PARK,10,2013,,,,198,0,0
NORWOOD PARK,10,2014,,,,181,1,27
NORWOOD PARK,10,2015,,,,24,0,1
NORWOOD PARK,10,2016,,,,188,1,22
NORWOOD PARK,10,2017,,,,167,1,24
NORWOOD PARK,10,2018,,,,156,0,21
NORWOOD PARK,10,2019,,,,197,0,30
NORWOOD PARK,10,2020,,,,138,1,12
NORWOOD PARK,10,2021,,,,185,0,23
NORWOOD PARK,10,2022,,,,164,1,10
NORWOOD PARK,10,2023,,,,217,0,14
NORWOOD PARK,10,2024,,,,189,0,23
NEAR NORTH SIDE,8,2008,GANGSTER DISCIPLES,2.0,0.040361336967863225,834,5,0
NEAR NORTH SIDE,8,2009,GANGSTER DISCIPLES,2.0,0.040361336967863204,706,1,0
NEAR NORTH SIDE,8,2010,GANGSTER DISCIPLES,2.0,0.07115146289158625,637,2,0
NEAR NORTH SIDE,8,2011,,,,627,3,0
NEAR NORTH SIDE,8,2012,GANGSTER DISCIPLES,3.0,0.026699843062011366,598,6,0
NEAR NORTH SIDE,8,2013,,,,576,5,0
NEAR NORTH SIDE,8,2014,GANGSTER DISCIPLES,3.0,0.0266998430621729,551,5,85
NEAR NORTH SIDE,8,2015,GANGSTER DISCIPLES,2.0,0.028393339353364966,91,1,2
NEAR NORTH SIDE,8,2016,GANGSTER DISCIPLES,2.0,0.02839334003112401,575,5,58
NEAR NORTH SIDE,8,2017,GANGSTER DISCIPLES,2.0,0.028393340031124016,634,5,89
NEAR NORTH SIDE,8,2018,GANGSTER DISCIPLES,2.0,0.028393340031124016,717,6,91
NEAR NORTH SIDE,8,2019,GANGSTER DISCIPLES,2.0,0.02839334003112401,716,2,123
NEAR NORTH SIDE,8,2020,GANGSTER DISCIPLES,2.0,0.02839334003112401,540,9,59
NEAR NORTH SIDE,8,2021,GANGSTER DISCIPLES,2.0,0.02839334003112401,724,8,90
NEAR NORTH SIDE,8,2022,GANGSTER DISCIPLES,2.0,0.02839334003112401,679,15,83
NEAR NORTH SIDE,8,2023,GANGSTER DISCIPLES,2.0,0.02839333098206369,800,5,129
NEAR NORTH SIDE,8,2024,GANGSTER DISCIPLES,2.0,0.02839334003112401,750,6,127
LOOP,32,2008,,,,343,2,0
LOOP,32,2009,,,,345,0,0
LOOP,32,2010,,,,307,1,0
LOOP,32,2011,,,,297,1,0
LOOP,32,2012,,,,302,0,0
LOOP,32,2013,,,,304,0,0
LOOP,32,2014,,,,266,1,34
LOOP,32,2015,,,,47,2,2
LOOP,32,2016,,,,341,2,21
LOOP,32,2017,,,,312,0,47
LOOP,32,2018,,,,323,4,40
LOOP,32,2019,,,,349,2,43
LOOP,32,2020,,,,271,5,53
LOOP,32,2021,,,,377,4,61
LOOP,32,2022,,,,370,9,48
LOOP,32,2023,,,,369,5,47
LOOP,32,2024,,,,362,4,49
SOUTH SHORE,43,2008,GANGSTER DISCIPLES,5.0,0.8786117401658232,3227,25,0
SOUTH SHORE,43,2009,GANGSTER DISCIPLES,5.0,0.8786117401658232,2971,15,0
SOUTH SHORE,43,2010,GANGSTER DISCIPLES,5.0,0.8510031559593165,2901,16,0
SOUTH SHORE,43,2011,,,,2793,16,0
SOUTH SHORE,43,2012,GANGSTER DISCIPLES,6.0,0.6111937216123969,2563,19,0
SOUTH SHORE,43,2013,,,,2566,28,0
SOUTH SHORE,43,2014,GANGSTER DISCIPLES,4.0,0.5878859906960258,2319,15,367
SOUTH SHORE,43,2015,GANGSTER DISCIPLES,5.0,0.6308302335368378,364,18,17
SOUTH SHORE,43,2016,GANGSTER DISCIPLES,5.0,0.6308302380904609,2359,24,399
SOUTH SHORE,43,2017,GANGSTER DISCIPLES,5.0,0.6153053305986167,2570,33,428
SOUTH SHORE,43,2018,GANGSTER DISCIPLES,5.0,0.6153053305986167,2533,26,416
SOUTH SHORE,43,2019,GANGSTER DISCIPLES,5.0,0.6153053305986167,2561,22,394
SOUTH SHORE,43,2020,GANGSTER DISCIPLES,5.0,0.6153053305986167,2471,41,287
SOUTH SHORE,43,2021,GANGSTER DISCIPLES,5.0,0.6522403369943873,2540,38,249
SOUTH SHORE,43,2022,GANGSTER DISCIPLES,5.0,0.6981265918991766,2253,44,231
SOUTH SHORE,43,2023,GANGSTER DISCIPLES,4.0,0.6603782254684469,2328,28,261
SOUTH SHORE,43,2024,GANGSTER DISCIPLES,4.0,0.5163371489666639,2336,33,310
CHATHAM,44,2008,GANGSTER DISCIPLES,5.0,0.9509161056111812,1883,10,0
CHATHAM,44,2009,GANGSTER DISCIPLES,4.0,0.954112599080077,1748,13,0
CHATHAM,44,2010,GANGSTER DISCIPLES,4.0,0.977923775214325,1592,13,0
CHATHAM,44,2011,,,,1442,17,0
CHATHAM,44,2012,GANGSTER DISCIPLES,5.0,0.2637528293948269,1454,15,0
CHATHAM,44,2013,,,,1431,13,0
CHATHAM,44,2014,GANGSTER DISCIPLES,4.0,0.379136624502284,1372,14,241
CHATHAM,44,2015,GANGSTER DISCIPLES,4.0,0.379136624502284,234,23,8
CHATHAM,44,2016,GANGSTER DISCIPLES,4.0,0.3570603971570263,1602,19,233
CHATHAM,44,2017,GANGSTER DISCIPLES,4.0,0.35706039715702625,1576,14,265
CHATHAM,44,2018,GANGSTER DISCIPLES,4.0,0.3588324436534615,1702,16,287
CHATHAM,44,2019,GANGSTER DISCIPLES,4.0,0.3588324436534615,1718,12,309
CHATHAM,44,2020,GANGSTER DISCIPLES,4.0,0.35883244365346156,1555,31,243
CHATHAM,44,2021,GANGSTER DISCIPLES,4.0,0.3588324436534615,1538,27,139
CHATHAM,44,2022,GANGSTER DISCIPLES,4.0,0.3588324436534615,1541,26,169
CHATHAM,44,2023,GANGSTER DISCIPLES,3.0,0.4047443294848646,1445,32,161
CHATHAM,44,2024,GANGSTER DISCIPLES,3.0,0.4046497775773425,1441,25,148
AVALON PARK,45,2008,BLACK P STONE,3.0,0.48868968874285434,390,3,0
AVALON PARK,45,2009,BLACK P STONE,3.0,0.4886896887428543,344,1,0
AVALON PARK,45,2010,BLACK DISCIPLES,3.0,0.6450899321275881,315,7,0
AVALON PARK,45,2011,,,,370,3,0
AVALON PARK,45,2012,GANGSTER DISCIPLES,3.0,0.7115610844040198,322,0,0
AVALON PARK,45,2013,,,,326,5,0
AVALON PARK,45,2014,GANGSTER DISCIPLES,3.0,0.7555285695905043,291,1,33
AVALON PARK,45,2015,GANGSTER DISCIPLES,3.0,0.7555285695905043,36,2,2
AVALON PARK,45,2016,GANGSTER DISCIPLES,3.0,0.4505558957002659,299,6,41
AVALON PARK,45,2017,GANGSTER DISCIPLES,2.0,0.5138974898582651,290,4,30
AVALON PARK,45,2018,GANGSTER DISCIPLES,2.0,0.5138974898582651,277,4,47
AVALON PARK,45,2019,GANGSTER DISCIPLES,2.0,0.5138974898582651,300,3,37
AVALON PARK,45,2020,GANGSTER DISCIPLES,2.0,0.5138974898582651,283,7,44
AVALON PARK,45,2021,GANGSTER DISCIPLES,2.0,0.5138974898582651,289,7,22
AVALON PARK,45,2022,GANGSTER DISCIPLES,2.0,0.5138974898582651,270,3,21
AVALON PARK,45,2023,BLACK P STONES,2.0,0.3908037407334081,247,7,20
AVALON PARK,45,2024,BLACK P STONES,2.0,0.29172519013371095,231,3,19
SOUTH CHICAGO,46,2008,GANGSTER DISCIPLES,8.0,0.38096157941230285,1638,17,0
SOUTH CHICAGO,46,2009,GANGSTER DISCIPLES,8.0,0.3809615794123028,1531,19,0
SOUTH CHICAGO,46,2010,LATIN KINGS,8.0,0.46560207942098475,1442,15,0
SOUTH CHICAGO,46,2011,,,,1508,4,0
SOUTH CHICAGO,46,2012,BLACK P STONES,12.0,0.37914502321395555,1416,14,0
SOUTH CHICAGO,46,2013,,,,1370,14,0
SOUTH CHICAGO,46,2014,BLACK P STONES,12.0,0.3677264996880371,1244,14,256
SOUTH CHICAGO,46,2015,BLACK P STONES,12.0,0.41353220289739195,216,12,11
SOUTH CHICAGO,46,2016,BLACK P STONES,12.0,0.4135322169698237,1356,19,226
SOUTH CHICAGO,46,2017,BLACK P STONES,10.0,0.4151821828690333,1284,20,266
SOUTH CHICAGO,46,2018,BLACK P STONES,10.0,0.41518218286903324,1200,7,208
SOUTH CHICAGO,46,2019,BLACK P STONES,10.0,0.41518218286903324,1121,16,231
SOUTH CHICAGO,46,2020,BLACK P STONES,10.0,0.4151821828690333,996,23,141
SOUTH CHICAGO,46,2021,BLACK P STONES,10.0,0.4151821828690333,1194,12,136
SOUTH CHICAGO,46,2022,BLACK P STONES,8.0,0.39888332088603995,1181,20,141
SOUTH CHICAGO,46,2023,BLACK P STONES,8.0,0.3957069119434081,1097,16,120
SOUTH CHICAGO,46,2024,BLACK P STONES,8.0,0.3724850839803953,1056,16,127
MCKINLEY PARK,59,2008,LATIN COUNTS,3.0,0.29346843480096857,241,0,0
MCKINLEY PARK,59,2009,LATIN COUNTS,3.0,0.29346843480096857,238,0,0
MCKINLEY PARK,59,2010,LATIN COUNTS,4.0,0.4077550043736423,243,5,0
MCKINLEY PARK,59,2011,,,,219,1,0
MCKINLEY PARK,59,2012,LATIN COUNTS,5.0,0.36706829148646325,213,3,0
MCKINLEY PARK,59,2013,,,,184,2,0
MCKINLEY PARK,59,2014,LATIN COUNTS,4.0,0.3738387879152675,171,1,31
MCKINLEY PARK,59,2015,LATIN COUNTS,4.0,0.3832185214631852,25,1,0
MCKINLEY PARK,59,2016,LATIN COUNTS,4.0,0.3832185152378307,172,1,27
MCKINLEY PARK,59,2017,LATIN COUNTS,4.0,0.3832185152378307,150,4,26
MCKINLEY PARK,59,2018,LATIN COUNTS,4.0,0.38796198069299753,133,1,18
MCKINLEY PARK,59,2019,LATIN COUNTS,3.0,0.3681429367970216,108,1,24
MCKINLEY PARK,59,2020,LATIN COUNTS,3.0,0.35492222326276646,133,4,13
MCKINLEY PARK,59,2021,LATIN COUNTS,3.0,0.35492222326276646,133,3,30
MCKINLEY PARK,59,2022,LATIN COUNTS,3.0,0.35492222326276646,150,5,17
MCKINLEY PARK,59,2023,LATIN COUNTS,3.0,0.3549936593185419,144,0,20
MCKINLEY PARK,59,2024,LATIN COUNTS,2.0,0.287792309323698,151,2,23
LAKE VIEW,6,2008,GANGSTER DISCIPLES,2.0,0.047145171135944915,433,1,0
LAKE VIEW,6,2009,GANGSTER DISCIPLES,2.0,0.04714517113594492,428,0,0
LAKE VIEW,6,2010,GANGSTER DISCIPLES,1.0,0.02447117805775677,418,1,0
LAKE VIEW,6,2011,,,,403,2,0
LAKE VIEW,6,2012,,,,393,3,0
LAKE VIEW,6,2013,,,,377,0,0
LAKE VIEW,6,2014,,,,283,0,37
LAKE VIEW,6,2015,,,,41,1,4
LAKE VIEW,6,2016,,,,340,1,42
LAKE VIEW,6,2017,,,,355,0,67
LAKE VIEW,6,2018,,,,399,1,65
LAKE VIEW,6,2019,,,,355,3,65
LAKE VIEW,6,2020,,,,299,0,34
LAKE VIEW,6,2021,,,,396,2,52
LAKE VIEW,6,2022,,,,384,2,37
LAKE VIEW,6,2023,BLACK P STONES,1.0,1.6159296280269435e-09,355,3,44
LAKE VIEW,6,2024,,,,385,2,45
CALUMET HEIGHTS,48,2008,GANGSTER DISCIPLES,4.0,0.6194610079347395,417,3,0
CALUMET HEIGHTS,48,2009,GANGSTER DISCIPLES,4.0,0.6194610079347395,372,2,0
CALUMET HEIGHTS,48,2010,GANGSTER DISCIPLES,3.0,0.6458343659825732,389,1,0
CALUMET HEIGHTS,48,2011,,,,376,2,0
CALUMET HEIGHTS,48,2012,GANGSTER DISCIPLES,3.0,0.8953768729256375,314,6,0
CALUMET HEIGHTS,48,2013,,,,339,0,0
CALUMET HEIGHTS,48,2014,GANGSTER DISCIPLES,3.0,0.8982808787328727,324,1,52
CALUMET HEIGHTS,48,2015,GANGSTER DISCIPLES,3.0,0.8983594954397577,55,2,1
CALUMET HEIGHTS,48,2016,GANGSTER DISCIPLES,3.0,0.7504522926054096,306,1,47
CALUMET HEIGHTS,48,2017,GANGSTER DISCIPLES,3.0,0.7504522926054096,307,3,41
CALUMET HEIGHTS,48,2018,GANGSTER DISCIPLES,3.0,0.7504522926054096,364,1,53
CALUMET HEIGHTS,48,2019,GANGSTER DISCIPLES,3.0,0.7504522926054096,334,1,53
CALUMET HEIGHTS,48,2020,GANGSTER DISCIPLES,3.0,0.7504522926054096,273,4,44
CALUMET HEIGHTS,48,2021,GANGSTER DISCIPLES,3.0,0.7504522926054096,315,4,30
CALUMET HEIGHTS,48,2022,GANGSTER DISCIPLES,3.0,0.716835927468475,278,3,28
CALUMET HEIGHTS,48,2023,GANGSTER DISCIPLES,3.0,0.7166334089776356,278,3,33
CALUMET HEIGHTS,48,2024,GANGSTER DISCIPLES,2.0,0.4953830413440701,291,4,27
ROSELAND,49,2008,GANGSTER DISCIPLES,8.0,0.6149127833964997,2385,18,0
ROSELAND,49,2009,GANGSTER DISCIPLES,8.0,0.6149127833964997,2200,13,0
ROSELAND,49,2010,GANGSTER DISCIPLES,8.0,0.7613939252354244,2160,18,0
ROSELAND,49,2011,,,,1930,15,0
ROSELAND,49,2012,GANGSTER DISCIPLES,7.0,0.5662103232659097,1738,17,0
ROSELAND,49,2013,,,,1623,16,0
ROSELAND,49,2014,GANGSTER DISCIPLES,7.0,0.5696830224864231,1524,13,269
ROSELAND,49,2015,GANGSTER DISCIPLES,7.0,0.5896263295358832,232,18,16
ROSELAND,49,2016,GANGSTER DISCIPLES,7.0,0.58962634071347,1722,32,305
ROSELAND,49,2017,GANGSTER DISCIPLES,7.0,0.58962634071347,1771,36,314
ROSELAND,49,2018,GANGSTER DISCIPLES,7.0,0.6142658841708845,1815,22,299
ROSELAND,49,2019,GANGSTER DISCIPLES,7.0,0.5895492827023466,1681,28,310
ROSELAND,49,2020,GANGSTER DISCIPLES,7.0,0.5895701433350101,1730,22,176
ROSELAND,49,2021,GANGSTER DISCIPLES,7.0,0.589619320636609,1715,26,171
ROSELAND,49,2022,GANGSTER DISCIPLES,7.0,0.5896193205954786,1497,28,147
ROSELAND,49,2023,GANGSTER DISCIPLES,7.0,0.5895045415811142,1557,22,173
ROSELAND,49,2024,GANGSTER DISCIPLES,7.0,0.5904101185971564,1435,24,185
NORTH CENTER,5,2008,INSANE DEUCES,5.0,0.0829542540805709,179,2,0
NORTH CENTER,5,2009,INSANE DEUCES,5.0,0.0829542540805709,168,1,0
NORTH CENTER,5,2010,INSANE DEUCES,4.0,0.14446208636728092,134,0,0
NORTH CENTER,5,2011,,,,175,0,0
NORTH CENTER,5,2012,INSANE DEUCES,2.0,0.17256473150927615,150,0,0
NORTH CENTER,5,2013,,,,114,1,0
NORTH CENTER,5,2014,INSANE DEUCES,1.0,0.14834981418897217,106,0,18
NORTH CENTER,5,2015,INSANE DEUCES,1.0,0.14834981418897217,20,0,0
NORTH CENTER,5,2016,INSANE DEUCES,1.0,0.1483498047845436,115,0,16
NORTH CENTER,5,2017,INSANE DEUCES,1.0,0.1483498047845436,89,0,10
NORTH CENTER,5,2018,,,,107,1,16
NORTH CENTER,5,2019,,,,93,1,17
NORTH CENTER,5,2020,,,,80,2,12
NORTH CENTER,5,2021,,,,108,2,12
NORTH CENTER,5,2022,,,,120,0,8
NORTH CENTER,5,2023,,,,126,0,12
NORTH CENTER,5,2024,,,,118,0,12
PULLMAN,50,2008,CONSERVATIVE VICE LORDS,4.0,0.30480334048569185,357,0,0
PULLMAN,50,2009,CONSERVATIVE VICE LORDS,4.0,0.30480334048569185,323,2,0
PULLMAN,50,2010,LATIN KINGS,4.0,0.42114943591821175,307,0,0
PULLMAN,50,2011,,,,231,3,0
PULLMAN,50,2012,GANGSTER DISCIPLES,4.0,0.36113635606140915,221,4,0
PULLMAN,50,2013,,,,235,0,0
PULLMAN,50,2014,GANGSTER DISCIPLES,4.0,0.3797634420768124,240,1,49
PULLMAN,50,2015,GANGSTER DISCIPLES,4.0,0.37976344207681245,31,0,1
PULLMAN,50,2016,GANGSTER DISCIPLES,4.0,0.37976346646603903,264,2,35
PULLMAN,50,2017,GANGSTER DISCIPLES,4.0,0.37976346646603903,194,1,34
PULLMAN,50,2018,GANGSTER DISCIPLES,4.0,0.3797634664660391,274,3,33
PULLMAN,50,2019,GANGSTER DISCIPLES,4.0,0.37976346646603903,259,4,30
PULLMAN,50,2020,GANGSTER DISCIPLES,4.0,0.37976346646603903,243,3,28
PULLMAN,50,2021,GANGSTER DISCIPLES,4.0,0.3797634664660391,229,6,15
PULLMAN,50,2022,GANGSTER DISCIPLES,4.0,0.3797645477139061,212,4,26
PULLMAN,50,2023,GANGSTER DISCIPLES,4.0,0.38027413879092065,276,0,34
PULLMAN,50,2024,GANGSTER DISCIPLES,4.0,0.37976454771390616,247,5,39
SOUTH DEERING,51,2008,GANGSTER DISCIPLES,3.0,0.11127531075336083,521,4,0
SOUTH DEERING,51,2009,GANGSTER DISCIPLES,3.0,0.11127531075336085,518,6,0
SOUTH DEERING,51,2010,GANGSTER DISCIPLES,4.0,0.12129814828320597,563,2,0
SOUTH DEERING,51,2011,,,,556,3,0
SOUTH DEERING,51,2012,GANGSTER DISCIPLES,2.0,0.09049645245365923,449,10,0
SOUTH DEERING,51,2013,,,,460,5,0
SOUTH DEERING,51,2014,GANGSTER DISCIPLES,2.0,0.09077894464737796,410,5,75
SOUTH DEERING,51,2015,GANGSTER DISCIPLES,2.0,0.0908473104433382,60,1,5
SOUTH DEERING,51,2016,GANGSTER DISCIPLES,2.0,0.09084732570134094,451,3,94
SOUTH DEERING,51,2017,GANGSTER DISCIPLES,2.0,0.09084732570134094,416,7,67
SOUTH DEERING,51,2018,GANGSTER DISCIPLES,2.0,0.09084732570134094,410,4,62
SOUTH DEERING,51,2019,GANGSTER DISCIPLES,2.0,0.09084732570134094,438,2,81
SOUTH DEERING,51,2020,GANGSTER DISCIPLES,2.0,0.09084732570134094,430,10,58
SOUTH DEERING,51,2021,GANGSTER DISCIPLES,2.0,0.09085461349502952,435,6,46
SOUTH DEERING,51,2022,GANGSTER DISCIPLES,2.0,0.09085461349502952,414,7,48
SOUTH DEERING,51,2023,GANGSTER DISCIPLES,2.0,0.0909365621754141,431,5,47
SOUTH DEERING,51,2024,GANGSTER DISCIPLES,2.0,0.09085461349502952,422,2,45
EAST SIDE,52,2008,LATIN KINGS,2.0,0.23230155892056897,398,3,0
EAST SIDE,52,2009,LATIN KINGS,2.0,0.23230155892056897,372,3,0
EAST SIDE,52,2010,LATIN KINGS,2.0,0.504766652655618,368,0,0
EAST SIDE,52,2011,,,,387,0,0
EAST SIDE,52,2012,LATIN KINGS,2.0,0.3096780882855235,359,0,0
EAST SIDE,52,2013,,,,300,1,0
EAST SIDE,52,2014,LATIN KINGS,2.0,0.30967808828420945,263,2,59
EAST SIDE,52,2015,LATIN KINGS,2.0,0.1778769268141458,47,1,2
EAST SIDE,52,2016,LATIN KINGS,2.0,0.177876905844001,305,2,65
EAST SIDE,52,2017,LATIN KINGS,2.0,0.36414393581967464,302,9,71
EAST SIDE,52,2018,LATIN KINGS,2.0,0.36414393581967464,302,2,67
EAST SIDE,52,2019,LATIN KINGS,2.0,0.36414393581967464,277,6,59
EAST SIDE,52,2020,LATIN KINGS,2.0,0.36414393581967464,271,4,49
EAST SIDE,52,2021,LATIN KINGS,2.0,0.36414393581967464,319,2,27
EAST SIDE,52,2022,LATIN KINGS,2.0,0.36414393581967464,355,3,40
EAST SIDE,52,2023,LATIN KINGS,2.0,0.3641519240585241,399,5,42
EAST SIDE,52,2024,LATIN KINGS,2.0,0.36414393581967464,347,3,30
WEST PULLMAN,53,2008,GANGSTER DISCIPLES,6.0,0.7659918662382567,1605,12,0
WEST PULLMAN,53,2009,GANGSTER DISCIPLES,6.0,0.7659918662382567,1514,8,0
WEST PULLMAN,53,2010,GANGSTER DISCIPLES,5.0,0.9223957508172136,1286,14,0
WEST PULLMAN,53,2011,,,,1308,8,0
WEST PULLMAN,53,2012,GANGSTER DISCIPLES,4.0,0.5139952552940469,1176,15,0
WEST PULLMAN,53,2013,,,,1180,19,0
WEST PULLMAN,53,2014,GANGSTER DISCIPLES,4.0,0.5065676610738112,1037,7,212
WEST PULLMAN,53,2015,GANGSTER DISCIPLES,4.0,0.5065676610738117,153,15,11
WEST PULLMAN,53,2016,GANGSTER DISCIPLES,4.0,0.5065676834446458,1048,10,177
WEST PULLMAN,53,2017,GANGSTER DISCIPLES,4.0,0.4999577796258028,1162,10,211
WEST PULLMAN,53,2018,GANGSTER DISCIPLES,4.0,0.5863751141997615,1141,26,189
WEST PULLMAN,53,2019,GANGSTER DISCIPLES,4.0,0.5863751141997616,1120,6,161
WEST PULLMAN,53,2020,GANGSTER DISCIPLES,4.0,0.5962664385082523,1179,19,137
WEST PULLMAN,53,2021,GANGSTER DISCIPLES,4.0,0.5648286969106857,1088,37,92
WEST PULLMAN,53,2022,GANGSTER DISCIPLES,4.0,0.5648286969106857,935,23,106
WEST PULLMAN,53,2023,GANGSTER DISCIPLES,4.0,0.5652589588280442,997,13,104
WEST PULLMAN,53,2024,GANGSTER DISCIPLES,4.0,0.5648286969106856,944,19,114
RIVERDALE,54,2008,GANGSTER DISCIPLES,5.0,0.13742402056328323,346,5,0
RIVERDALE,54,2009,GANGSTER DISCIPLES,5.0,0.13742402056328323,395,2,0
RIVERDALE,54,2010,LATIN KINGS,7.0,0.2206370372563102,346,2,0
RIVERDALE,54,2011,,,,387,5,0
RIVERDALE,54,2012,GANGSTER DISCIPLES,6.0,0.10775902310138943,405,3,0
RIVERDALE,54,2013,,,,418,2,0
RIVERDALE,54,2014,BLACK DISCIPLES,4.0,0.17683347398829005,352,3,46
RIVERDALE,54,2015,BLACK DISCIPLES,5.0,0.16546668998725692,43,3,2
RIVERDALE,54,2016,BLACK DISCIPLES,5.0,0.16546669321747318,416,5,72
RIVERDALE,54,2017,GANGSTER DISCIPLES,5.0,0.1327789481792581,454,5,68
RIVERDALE,54,2018,BLACK DISCIPLES,5.0,0.15733147226607633,417,13,50
RIVERDALE,54,2019,BLACK DISCIPLES,5.0,0.15733147226607636,435,3,64
RIVERDALE,54,2020,BLACK DISCIPLES,5.0,0.15733147226607633,378,8,40
RIVERDALE,54,2021,BLACK DISCIPLES,5.0,0.14333647047135797,405,5,27
RIVERDALE,54,2022,BLACK DISCIPLES,5.0,0.143336470471358,394,7,28
RIVERDALE,54,2023,BLACK DISCIPLES,6.0,0.14333642343564354,444,6,49
RIVERDALE,54,2024,BLACK DISCIPLES,5.0,0.143336470471358,418,1,46
HEGEWISCH,55,2008,LATIN DRAGONS,1.0,0.05280621226826987,173,1,0
HEGEWISCH,55,2009,LATIN DRAGONS,1.0,0.05280621226826987,148,0,0
HEGEWISCH,55,2010,LATIN DRAGONS,1.0,0.04330580812265104,148,0,0
HEGEWISCH,55,2011,,,,113,1,0
HEGEWISCH,55,2012,LATIN DRAGONS,1.0,0.012072489949480611,153,1,0
HEGEWISCH,55,2013,,,,150,1,0
HEGEWISCH,55,2014,LATIN DRAGONS,1.0,0.012072489949748619,127,0,25
HEGEWISCH,55,2015,LATIN DRAGONS,1.0,0.012072489949748619,23,0,2
HEGEWISCH,55,2016,LATIN DRAGONS,1.0,0.012072490466342315,157,0,25
HEGEWISCH,55,2017,LATIN DRAGONS,1.0,0.012072490466342315,153,1,18
HEGEWISCH,55,2018,LATIN DRAGONS,1.0,0.012072490466342315,150,1,20
HEGEWISCH,55,2019,LATIN DRAGONS,1.0,0.012072490466342315,147,0,26
HEGEWISCH,55,2020,LATIN DRAGONS,1.0,0.012072490466342315,160,0,23
HEGEWISCH,55,2021,LATIN DRAGONS,1.0,0.012072490466342315,176,1,19
HEGEWISCH,55,2022,LATIN DRAGONS,1.0,0.012072490466342315,164,0,14
HEGEWISCH,55,2023,LATIN DRAGONS,1.0,0.012072486746488864,179,0,20
HEGEWISCH,55,2024,LATIN DRAGONS,1.0,0.045845285288757,211,0,29
ARCHER HEIGHTS,57,2008,SATAN DISCIPLES,3.0,0.21072074864324908,172,2,0
ARCHER HEIGHTS,57,2009,SATAN DISCIPLES,3.0,0.21072074864324908,182,3,0
ARCHER HEIGHTS,57,2010,SATAN DISCIPLES,3.0,0.6098019034215449,192,0,0
ARCHER HEIGHTS,57,2011,,,,153,0,0
ARCHER HEIGHTS,57,2012,SATAN DISCIPLES,2.0,0.09619741853696642,152,2,0
ARCHER HEIGHTS,57,2013,,,,129,1,0
ARCHER HEIGHTS,57,2014,SATAN DISCIPLES,2.0,0.0954439614698434,121,0,24
ARCHER HEIGHTS,57,2015,SATAN DISCIPLES,2.0,0.0954439614698434,19,1,2
ARCHER HEIGHTS,57,2016,SATAN DISCIPLES,2.0,0.09544395760473873,134,4,22
ARCHER HEIGHTS,57,2017,SATAN DISCIPLES,2.0,0.09544395760473873,136,3,19
ARCHER HEIGHTS,57,2018,SATAN DISCIPLES,2.0,0.09544395760473873,149,1,28
ARCHER HEIGHTS,57,2019,SATAN DISCIPLES,2.0,0.09544395760473873,142,0,24
ARCHER HEIGHTS,57,2020,SATAN DISCIPLES,2.0,0.09544395760473873,122,1,8
ARCHER HEIGHTS,57,2021,SATAN DISCIPLES,2.0,0.1873372812053294,119,1,14
ARCHER HEIGHTS,57,2022,SATAN DISCIPLES,2.0,0.1873372812053294,141,1,21
ARCHER HEIGHTS,57,2023,SATAN DISCIPLES,2.0,0.18740125034838878,145,3,15
ARCHER HEIGHTS,57,2024,SATAN DISCIPLES,2.0,0.1873372812053294,132,0,16
BRIGHTON PARK,58,2008,TWO-SIX,2.0,0.5898895501326504,720,6,0
BRIGHTON PARK,58,2009,TWO-SIX,2.0,0.5898895501326504,667,7,0
BRIGHTON PARK,58,2010,TWO-SIX,4.0,0.6372881309793402,618,7,0
BRIGHTON PARK,58,2011,,,,601,10,0
BRIGHTON PARK,58,2012,TWO SIX,4.0,0.6030847993518867,568,7,0
BRIGHTON PARK,58,2013,,,,509,3,0
BRIGHTON PARK,58,2014,TWO SIX,4.0,0.6029786284629604,542,2,124
BRIGHTON PARK,58,2015,TWO SIX,3.0,0.6795159747648271,76,5,3
BRIGHTON PARK,58,2016,TWO SIX,3.0,0.6795159714868589,548,12,114
BRIGHTON PARK,58,2017,TWO SIX,3.0,0.6795159714868589,494,23,99
BRIGHTON PARK,58,2018,TWO SIX,2.0,0.6796707130524707,490,5,83
BRIGHTON PARK,58,2019,TWO SIX,2.0,0.6796707130524707,484,3,86
BRIGHTON PARK,58,2020,TWO SIX,2.0,0.6743208238675242,474,10,98
BRIGHTON PARK,58,2021,TWO SIX,2.0,0.6743208238675242,451,10,77
BRIGHTON PARK,58,2022,TWO SIX,2.0,0.6743208238675242,510,12,80
BRIGHTON PARK,58,2023,TWO SIX,2.0,0.6744000172518992,448,9,76
BRIGHTON PARK,58,2024,TWO SIX,2.0,0.44251869775641056,538,5,80
BRIDGEPORT,60,2008,SATAN DISCIPLES,2.0,0.1573932906565666,421,2,0
BRIDGEPORT,60,2009,SATAN DISCIPLES,2.0,0.15739329065656665,366,0,0
BRIDGEPORT,60,2010,SATAN DISCIPLES,3.0,0.1677869448156396,372,2,0
BRIDGEPORT,60,2011,,,,411,3,0
BRIDGEPORT,60,2012,LATIN KINGS,2.0,0.13485697480483402,328,4,0
BRIDGEPORT,60,2013,,,,333,3,0
BRIDGEPORT,60,2014,LATIN KINGS,2.0,0.13707542571004283,299,2,45
BRIDGEPORT,60,2015,LATIN KINGS,2.0,0.13707542571004283,47,3,1
BRIDGEPORT,60,2016,LATIN KINGS,2.0,0.13707542667564754,279,2,48
BRIDGEPORT,60,2017,LATIN KINGS,2.0,0.13707542667564754,240,2,41
BRIDGEPORT,60,2018,LATIN KINGS,2.0,0.14362217039290973,236,0,33
BRIDGEPORT,60,2019,LATIN KINGS,2.0,0.14362217039290973,231,0,36
BRIDGEPORT,60,2020,LATIN KINGS,2.0,0.14362217039290973,205,4,21
BRIDGEPORT,60,2021,LATIN KINGS,2.0,0.14362217039290961,212,2,25
BRIDGEPORT,60,2022,LATIN KINGS,2.0,0.14362217039290961,218,2,23
BRIDGEPORT,60,2023,LATIN KINGS,2.0,0.14362212218897433,284,3,33
BRIDGEPORT,60,2024,LATIN KINGS,2.0,0.1436221703929095,308,3,37
NEW CITY,61,2008,BLACK P STONE,12.0,0.3980024902699917,1707,15,0
NEW CITY,61,2009,BLACK P STONE,12.0,0.3980024902699917,1591,11,0
NEW CITY,61,2010,BLACK P STONE,12.0,0.4366081038940212,1445,11,0
NEW CITY,61,2011,,,,1333,14,0
NEW CITY,61,2012,BLACK P STONES,11.0,0.4400279950267153,1178,25,0
NEW CITY,61,2013,,,,1109,13,0
NEW CITY,61,2014,BLACK P STONES,11.0,0.44442804780341527,1010,15,246
NEW CITY,61,2015,BLACK P STONES,10.0,0.4387991348296122,160,17,9
NEW CITY,61,2016,BLACK P STONES,10.0,0.438799133560464,1139,42,201
NEW CITY,61,2017,BLACK P STONES,10.0,0.43879913356046407,1040,19,200
NEW CITY,61,2018,BLACK P STONES,10.0,0.43879913356046407,997,24,209
NEW CITY,61,2019,BLACK P STONES,10.0,0.43879913356046407,1056,7,216
NEW CITY,61,2020,BLACK P STONES,9.0,0.42034328028928536,907,15,183
NEW CITY,61,2021,BLACK P STONES,9.0,0.4203432802892853,979,15,136
NEW CITY,61,2022,BLACK P STONES,9.0,0.39121652346391145,861,23,120
NEW CITY,61,2023,BLACK P STONES,10.0,0.3910709519307324,916,20,145
NEW CITY,61,2024,BLACK P STONES,9.0,0.42387787862525195,885,15,180
WEST ELSDON,62,2008,LATIN KINGS,1.0,0.40306186581903664,234,1,0
WEST ELSDON,62,2009,LATIN KINGS,1.0,0.40306186581903664,212,0,0
WEST ELSDON,62,2010,LATIN KINGS,1.0,0.4318767357587137,198,2,0
WEST ELSDON,62,2011,,,,213,0,0
WEST ELSDON,62,2012,LATIN KINGS,1.0,0.21165300252517244,188,1,0
WEST ELSDON,62,2013,,,,155,0,0
WEST ELSDON,62,2014,LATIN KINGS,1.0,0.21160949568296925,138,0,29
WEST ELSDON,62,2015,LATIN KINGS,1.0,0.21160949568296925,22,3,3
WEST ELSDON,62,2016,LATIN KINGS,1.0,0.21160949534295828,148,6,15
WEST ELSDON,62,2017,LATIN KINGS,1.0,0.21160949534295828,165,1,22
WEST ELSDON,62,2018,LATIN KINGS,1.0,0.21160949534295828,194,2,29
WEST ELSDON,62,2019,LATIN KINGS,1.0,0.21160949534295828,188,2,43
WEST ELSDON,62,2020,LATIN KINGS,1.0,0.21160949534295828,142,2,14
WEST ELSDON,62,2021,LATIN KINGS,1.0,0.21160949534295828,142,1,17
WEST ELSDON,62,2022,LATIN KINGS,1.0,0.21160949534295828,182,0,15
WEST ELSDON,62,2023,LATIN KINGS,1.0,0.21160941288956547,177,1,23
WEST ELSDON,62,2024,LATIN KINGS,1.0,0.21160949534295828,206,1,27
GAGE PARK,63,2008,LATIN KINGS,6.0,0.5344289046208204,669,7,0
GAGE PARK,63,2009,LATIN KINGS,6.0,0.5344289046208204,581,6,0
GAGE PARK,63,2010,LATIN KINGS,6.0,0.7074198372346542,596,8,0
GAGE PARK,63,2011,,,,586,7,0
GAGE PARK,63,2012,LATIN KINGS,5.0,0.4726391924810548,449,7,0
GAGE PARK,63,2013,,,,480,9,0
GAGE PARK,63,2014,LATIN KINGS,4.0,0.5182789611588533,460,5,84
GAGE PARK,63,2015,LATIN KINGS,5.0,0.49061560956701444,67,8,2
GAGE PARK,63,2016,LATIN KINGS,5.0,0.4906155778633434,494,14,93
GAGE PARK,63,2017,LATIN KINGS,5.0,0.4906155778633434,488,11,95
GAGE PARK,63,2018,LATIN KINGS,5.0,0.4906155778633433,468,3,81
GAGE PARK,63,2019,LATIN KINGS,5.0,0.4906155778633434,459,6,102
GAGE PARK,63,2020,LATIN KINGS,4.0,0.4885789289482201,414,11,73
GAGE PARK,63,2021,LATIN KINGS,4.0,0.48857892894821936,438,8,65
GAGE PARK,63,2022,LATIN KINGS,4.0,0.48857892894821936,410,2,49
GAGE PARK,63,2023,LATIN KINGS,4.0,0.4881860874371152,474,7,83
GAGE PARK,63,2024,LATIN KINGS,4.0,0.48857892894821986,509,9,84
CLEARING,64,2008,TWO-SIX,1.0,0.02745031248830625,336,2,0
CLEARING,64,2009,TWO-SIX,1.0,0.02745031248830625,304,1,0
CLEARING,64,2010,TWO-SIX,1.0,0.18679544285840577,286,0,0
CLEARING,64,2011,,,,282,0,0
CLEARING,64,2012,TWO SIX,1.0,0.27411209748972704,307,0,0
CLEARING,64,2013,,,,218,1,0
CLEARING,64,2014,TWO SIX,1.0,0.16828748510700625,202,2,42
CLEARING,64,2015,TWO SIX,1.0,0.16828748510700625,30,0,1
CLEARING,64,2016,TWO SIX,1.0,0.16828748754902637,216,1,31
CLEARING,64,2017,TWO SIX,1.0,0.16828748754902637,201,1,30
CLEARING,64,2018,TWO SIX,1.0,0.16828748754902637,222,1,27
CLEARING,64,2019,TWO SIX,1.0,0.16828748754902637,236,1,45
CLEARING,64,2020,TWO SIX,1.0,0.16828748754902637,222,2,25
CLEARING,64,2021,TWO SIX,1.0,0.16828748754902637,261,0,23
CLEARING,64,2022,TWO SIX,1.0,0.16828748754902637,230,1,20
CLEARING,64,2023,TWO SIX,1.0,0.16828742922837417,266,1,36
CLEARING,64,2024,TWO SIX,1.0,0.16828748754902637,251,0,33
WEST LAWN,65,2008,TWO-SIX,2.0,0.25097968357937606,440,2,0
WEST LAWN,65,2009,TWO-SIX,2.0,0.25097968357937606,397,1,0
WEST LAWN,65,2010,TWO-SIX,3.0,0.80418940903129,361,5,0
WEST LAWN,65,2011,,,,356,0,0
WEST LAWN,65,2012,TWO SIX,2.0,0.2782849904595684,375,1,0
WEST LAWN,65,2013,,,,308,2,0
WEST LAWN,65,2014,TWO SIX,2.0,0.17292767027549755,275,1,55
WEST LAWN,65,2015,TWO SIX,2.0,0.17292767027549755,46,0,0
WEST LAWN,65,2016,TWO SIX,2.0,0.17292765100595,358,5,54
WEST LAWN,65,2017,TWO SIX,2.0,0.17292765100595,317,1,53
WEST LAWN,65,2018,TWO SIX,2.0,0.17292765100595,363,0,66
WEST LAWN,65,2019,TWO SIX,2.0,0.17292765100595,343,1,58
WEST LAWN,65,2020,TWO SIX,2.0,0.17292765100595,248,1,30
WEST LAWN,65,2021,TWO SIX,2.0,0.17292765100595,301,2,34
WEST LAWN,65,2022,TWO SIX,2.0,0.17292765100595,289,3,37
WEST LAWN,65,2023,TWO SIX,3.0,0.17279108374544608,298,2,49
WEST LAWN,65,2024,TWO SIX,2.0,0.17292765100595,335,0,51
CHICAGO LAWN,66,2008,GANGSTER DISCIPLES,6.0,0.5140660022075934,2210,17,0
CHICAGO LAWN,66,2009,GANGSTER DISCIPLES,6.0,0.5140660022075934,1987,16,0
CHICAGO LAWN,66,2010,GANGSTER DISCIPLES,5.0,0.370853430908574,1974,16,0
CHICAGO LAWN,66,2011,,,,1851,19,0
CHICAGO LAWN,66,2012,GANGSTER DISCIPLES,6.0,0.4520786490160363,1615,23,0
CHICAGO LAWN,66,2013,,,,1518,9,0
CHICAGO LAWN,66,2014,GANGSTER DISCIPLES,4.0,0.5154994979829187,1320,20,256
CHICAGO LAWN,66,2015,GANGSTER DISCIPLES,4.0,0.5183245291042162,231,11,10
CHICAGO LAWN,66,2016,GANGSTER DISCIPLES,4.0,0.5183245325917435,1399,20,213
CHICAGO LAWN,66,2017,GANGSTER DISCIPLES,4.0,0.5183245325917435,1477,20,191
CHICAGO LAWN,66,2018,GANGSTER DISCIPLES,4.0,0.5183245325917434,1588,20,228
CHICAGO LAWN,66,2019,GANGSTER DISCIPLES,4.0,0.5183245325917435,1501,16,271
CHICAGO LAWN,66,2020,GANGSTER DISCIPLES,4.0,0.5183245325917435,1346,22,160
CHICAGO LAWN,66,2021,GANGSTER DISCIPLES,4.0,0.5183245325917435,1341,25,143
CHICAGO LAWN,66,2022,GANGSTER DISCIPLES,4.0,0.5352492622658054,1204,18,137
CHICAGO LAWN,66,2023,GANGSTER DISCIPLES,5.0,0.5346001429769758,1210,18,160
CHICAGO LAWN,66,2024,GANGSTER DISCIPLES,4.0,0.5343369059085386,1349,12,183
WEST ENGLEWOOD,67,2008,GANGSTER DISCIPLES,6.0,0.9427552056344131,2781,23,0
WEST ENGLEWOOD,67,2009,GANGSTER DISCIPLES,6.0,0.9427552056344131,2404,21,0
WEST ENGLEWOOD,67,2010,GANGSTER DISCIPLES,6.0,0.9617488100484168,2431,28,0
WEST ENGLEWOOD,67,2011,,,,2241,29,0
WEST ENGLEWOOD,67,2012,GANGSTER DISCIPLES,5.0,0.5440222433030758,2101,21,0
WEST ENGLEWOOD,67,2013,,,,2022,21,0
WEST ENGLEWOOD,67,2014,GANGSTER DISCIPLES,6.0,0.5075074949276699,1828,28,315
WEST ENGLEWOOD,67,2015,GANGSTER DISCIPLES,6.0,0.7342273288545551,256,19,14
WEST ENGLEWOOD,67,2016,GANGSTER DISCIPLES,6.0,0.7292743756471329,1741,37,281
WEST ENGLEWOOD,67,2017,GANGSTER DISCIPLES,6.0,0.7292743756471329,1862,18,267
WEST ENGLEWOOD,67,2018,GANGSTER DISCIPLES,5.0,0.7192702124596043,2036,26,312
WEST ENGLEWOOD,67,2019,GANGSTER DISCIPLES,4.0,0.6818093493084898,1970,19,338
WEST ENGLEWOOD,67,2020,GANGSTER DISCIPLES,4.0,0.6808272016218181,1647,34,199
WEST ENGLEWOOD,67,2021,GANGSTER DISCIPLES,4.0,0.6767630556800927,1579,22,133
WEST ENGLEWOOD,67,2022,GANGSTER DISCIPLES,4.0,0.6278235898676788,1347,30,104
WEST ENGLEWOOD,67,2023,GANGSTER DISCIPLES,4.0,0.6339333609210939,1237,34,161
WEST ENGLEWOOD,67,2024,GANGSTER DISCIPLES,4.0,0.6245953980122289,1263,17,165
ENGLEWOOD,68,2008,GANGSTER DISCIPLES,4.0,0.881889995548869,2847,19,0
ENGLEWOOD,68,2009,GANGSTER DISCIPLES,4.0,0.881889995548869,2339,20,0
ENGLEWOOD,68,2010,GANGSTER DISCIPLES,4.0,0.9777072358267033,2262,11,0
ENGLEWOOD,68,2011,,,,2101,28,0
ENGLEWOOD,68,2012,BLACK DISCIPLES,5.0,0.4240219734103016,1986,16,0
ENGLEWOOD,68,2013,,,,1974,26,0
ENGLEWOOD,68,2014,GANGSTER DISCIPLES,4.0,0.4771817090505855,1740,19,267
ENGLEWOOD,68,2015,GANGSTER DISCIPLES,4.0,0.5420184167454108,242,22,10
ENGLEWOOD,68,2016,GANGSTER DISCIPLES,4.0,0.5676085732720053,1654,50,263
ENGLEWOOD,68,2017,GANGSTER DISCIPLES,4.0,0.5676338241904686,1678,29,230
ENGLEWOOD,68,2018,GANGSTER DISCIPLES,4.0,0.5454180351041698,1830,33,261
ENGLEWOOD,68,2019,GANGSTER DISCIPLES,4.0,0.5454180351041698,1780,20,267
ENGLEWOOD,68,2020,GANGSTER DISCIPLES,4.0,0.5454180351041698,1581,35,167
ENGLEWOOD,68,2021,GANGSTER DISCIPLES,4.0,0.5714749110335736,1571,33,134
ENGLEWOOD,68,2022,GANGSTER DISCIPLES,4.0,0.5899788792536063,1396,18,119
ENGLEWOOD,68,2023,GANGSTER DISCIPLES,5.0,0.5973906370995057,1406,22,136
ENGLEWOOD,68,2024,GANGSTER DISCIPLES,4.0,0.5870536169054522,1415,21,168
GREATER GRAND CROSSING,69,2008,GANGSTER DISCIPLES,6.0,0.8474410391668825,2355,32,0
GREATER GRAND CROSSING,69,2009,GANGSTER DISCIPLES,6.0,0.8474410391668825,2243,16,0
GREATER GRAND CROSSING,69,2010,GANGSTER DISCIPLES,3.0,0.8624482379629907,2196,15,0
GREATER GRAND CROSSING,69,2011,,,,1976,19,0
GREATER GRAND CROSSING,69,2012,GANGSTER DISCIPLES,4.0,0.30122733791731404,1901,21,0
GREATER GRAND CROSSING,69,2013,,,,1776,14,0
GREATER GRAND CROSSING,69,2014,GANGSTER DISCIPLES,4.0,0.39758283440304465,1624,12,288
GREATER GRAND CROSSING,69,2015,GANGSTER DISCIPLES,4.0,0.3864188339061673,313,18,14
GREATER GRAND CROSSING,69,2016,GANGSTER DISCIPLES,4.0,0.4039436228116262,1837,33,286
GREATER GRAND CROSSING,69,2017,GANGSTER DISCIPLES,4.0,0.4330334397497613,1798,22,271
GREATER GRAND CROSSING,69,2018,GANGSTER DISCIPLES,4.0,0.4330334397497613,1817,16,297
GREATER GRAND CROSSING,69,2019,GANGSTER DISCIPLES,4.0,0.43002972380470356,2005,27,339
GREATER GRAND CROSSING,69,2020,GANGSTER DISCIPLES,4.0,0.43002972380470356,1695,28,241
GREATER GRAND CROSSING,69,2021,GANGSTER DISCIPLES,4.0,0.4173364884262939,1773,39,159
GREATER GRAND CROSSING,69,2022,GANGSTER DISCIPLES,4.0,0.41733648842629395,1445,22,151
GREATER GRAND CROSSING,69,2023,GANGSTER DISCIPLES,3.0,0.4226138069601574,1721,32,181
GREATER GRAND CROSSING,69,2024,GANGSTER DISCIPLES,3.0,0.3927200041600275,1708,36,197
LINCOLN PARK,7,2008,LATIN KINGS,1.0,0.012137199730493643,278,0,0
LINCOLN PARK,7,2009,LATIN KINGS,1.0,0.012137199730493643,301,2,0
LINCOLN PARK,7,2010,LATIN KINGS,1.0,0.012138272608019963,248,0,0
LINCOLN PARK,7,2011,,,,234,2,0
LINCOLN PARK,7,2012,LATIN KINGS,1.0,0.00889526149474006,193,0,0
LINCOLN PARK,7,2013,,,,223,0,0
LINCOLN PARK,7,2014,,,,207,1,24
LINCOLN PARK,7,2015,,,,32,0,1
LINCOLN PARK,7,2016,,,,188,0,28
LINCOLN PARK,7,2017,,,,205,1,21
LINCOLN PARK,7,2018,,,,181,1,26
LINCOLN PARK,7,2019,,,,226,3,17
LINCOLN PARK,7,2020,,,,157,1,15
LINCOLN PARK,7,2021,,,,145,0,13
LINCOLN PARK,7,2022,,,,170,1,18
LINCOLN PARK,7,2023,,,,178,0,16
LINCOLN PARK,7,2024,,,,168,1,25
ASHBURN,70,2008,TWO-SIX,3.0,0.19122230043596067,730,2,0
ASHBURN,70,2009,TWO-SIX,3.0,0.19122230043596067,578,5,0
ASHBURN,70,2010,TWO-SIX,5.0,0.520046854455613,523,5,0
ASHBURN,70,2011,,,,504,5,0
ASHBURN,70,2012,GANGSTER DISCIPLES,4.0,0.3456378256966654,457,7,0
ASHBURN,70,2013,,,,422,2,0
ASHBURN,70,2014,GANGSTER DISCIPLES,3.0,0.40022848087133145,417,7,61
ASHBURN,70,2015,GANGSTER DISCIPLES,3.0,0.4002284808713311,66,6,1
ASHBURN,70,2016,GANGSTER DISCIPLES,3.0,0.40022848796834853,478,10,56
ASHBURN,70,2017,GANGSTER DISCIPLES,3.0,0.40022848796834853,497,6,55
ASHBURN,70,2018,GANGSTER DISCIPLES,3.0,0.40022848796834853,563,3,66
ASHBURN,70,2019,GANGSTER DISCIPLES,3.0,0.40022848796834853,509,6,83
ASHBURN,70,2020,GANGSTER DISCIPLES,3.0,0.4002284879683484,466,2,46
ASHBURN,70,2021,GANGSTER DISCIPLES,3.0,0.4527582735005345,448,5,45
ASHBURN,70,2022,GANGSTER DISCIPLES,3.0,0.4527582735005346,466,4,53
ASHBURN,70,2023,GANGSTER DISCIPLES,2.0,0.45279995283831476,463,9,62
ASHBURN,70,2024,GANGSTER DISCIPLES,3.0,0.4527582735005346,484,6,45
AUBURN GRESHAM,71,2008,BLACK P STONE,4.0,0.9801395108506068,2741,19,0
AUBURN GRESHAM,71,2009,BLACK P STONE,4.0,0.9801395108506068,2479,16,0
AUBURN GRESHAM,71,2010,BLACK P STONE,4.0,0.9939018133531667,2348,25,0
AUBURN GRESHAM,71,2011,,,,2180,13,0
AUBURN GRESHAM,71,2012,BLACK P STONES,5.0,0.6525088576196159,2094,16,0
AUBURN GRESHAM,71,2013,,,,1992,16,0
AUBURN GRESHAM,71,2014,BLACK P STONES,5.0,0.8124941025319407,2050,14,340
AUBURN GRESHAM,71,2015,BLACK P STONES,5.0,0.8170448016780957,295,12,12
AUBURN GRESHAM,71,2016,BLACK P STONES,5.0,0.8499949517585035,2138,28,354
AUBURN GRESHAM,71,2017,BLACK P STONES,5.0,0.8539624429575341,2079,27,308
AUBURN GRESHAM,71,2018,BLACK P STONES,5.0,0.8539624429575341,2123,23,389
AUBURN GRESHAM,71,2019,BLACK P STONES,5.0,0.8539624429575341,2229,21,449
AUBURN GRESHAM,71,2020,BLACK P STONES,5.0,0.8688463205012245,1872,34,295
AUBURN GRESHAM,71,2021,BLACK P STONES,5.0,0.8688463205012246,1922,39,238
AUBURN GRESHAM,71,2022,BLACK P STONES,5.0,0.8688463205012245,1774,35,188
AUBURN GRESHAM,71,2023,BLACK P STONES,5.0,0.8612938357656694,1812,23,182
AUBURN GRESHAM,71,2024,BLACK P STONES,5.0,0.8614467475044394,1981,29,201
BEVERLY,72,2008,BLACK P STONE,3.0,0.0742337443909788,217,1,0
BEVERLY,72,2009,BLACK P STONE,3.0,0.0742337443909788,219,0,0
BEVERLY,72,2010,GANGSTER DISCIPLES,1.0,0.016381378944404668,189,0,0
BEVERLY,72,2011,,,,180,1,0
BEVERLY,72,2012,BLACK P STONES,2.0,0.02447409086229411,171,2,0
BEVERLY,72,2013,,,,162,1,0
BEVERLY,72,2014,BLACK P STONES,2.0,0.026286156924691162,115,0,13
BEVERLY,72,2015,BLACK P STONES,2.0,0.026286156924691162,17,0,1
BEVERLY,72,2016,BLACK P STONES,2.0,0.026286153532005915,146,0,11
BEVERLY,72,2017,BLACK P STONES,2.0,0.026286153532005915,128,0,14
BEVERLY,72,2018,BLACK P STONES,2.0,0.026286153532005915,139,3,18
BEVERLY,72,2019,BLACK P STONES,2.0,0.026286153532005915,137,0,20
BEVERLY,72,2020,BLACK P STONES,2.0,0.026286153532005915,152,0,12
BEVERLY,72,2021,BLACK P STONES,2.0,0.026286153532005915,146,0,8
BEVERLY,72,2022,BLACK P STONES,2.0,0.026286153532005915,134,2,7
BEVERLY,72,2023,BLACK P STONES,2.0,0.026217705641744565,169,0,19
BEVERLY,72,2024,BLACK P STONES,2.0,0.026286153532005915,156,1,20
WASHINGTON HEIGHTS,73,2008,GANGSTER DISCIPLES,4.0,0.9148874834172429,979,6,0
WASHINGTON HEIGHTS,73,2009,GANGSTER DISCIPLES,4.0,0.9148874834172429,936,8,0
WASHINGTON HEIGHTS,73,2010,GANGSTER DISCIPLES,6.0,0.806792784015927,916,5,0
WASHINGTON HEIGHTS,73,2011,,,,824,5,0
WASHINGTON HEIGHTS,73,2012,GANGSTER DISCIPLES,6.0,0.7099621511962915,772,5,0
WASHINGTON HEIGHTS,73,2013,,,,724,8,0
WASHINGTON HEIGHTS,73,2014,GANGSTER DISCIPLES,6.0,0.7340592772339494,643,6,102
WASHINGTON HEIGHTS,73,2015,GANGSTER DISCIPLES,6.0,0.7340622628998567,98,9,2
WASHINGTON HEIGHTS,73,2016,GANGSTER DISCIPLES,5.0,0.73406226459657,810,15,90
WASHINGTON HEIGHTS,73,2017,GANGSTER DISCIPLES,5.0,0.756122300733349,773,17,91
WASHINGTON HEIGHTS,73,2018,GANGSTER DISCIPLES,5.0,0.756122300733349,786,6,111
WASHINGTON HEIGHTS,73,2019,GANGSTER DISCIPLES,5.0,0.756122300733349,785,6,142
WASHINGTON HEIGHTS,73,2020,GANGSTER DISCIPLES,5.0,0.7561223007333489,688,7,86
WASHINGTON HEIGHTS,73,2021,GANGSTER DISCIPLES,5.0,0.756122300733349,686,12,59
WASHINGTON HEIGHTS,73,2022,GANGSTER DISCIPLES,5.0,0.756122300733349,631,11,47
WASHINGTON HEIGHTS,73,2023,GANGSTER DISCIPLES,5.0,0.7621299323863413,708,11,51
WASHINGTON HEIGHTS,73,2024,GANGSTER DISCIPLES,5.0,0.7619669639020172,627,8,62
MOUNT GREENWOOD,74,2008,,,,159,0,0
MOUNT GREENWOOD,74,2009,,,,161,0,0
MOUNT GREENWOOD,74,2010,,,,151,0,0
MOUNT GREENWOOD,74,2011,,,,150,0,0
MOUNT GREENWOOD,74,2012,,,,155,0,0
MOUNT GREENWOOD,74,2013,,,,122,0,0
MOUNT GREENWOOD,74,2014,,,,157,0,19
MOUNT GREENWOOD,74,2015,,,,16,0,0
MOUNT GREENWOOD,74,2016,,,,123,0,15
MOUNT GREENWOOD,74,2017,,,,136,0,11
MOUNT GREENWOOD,74,2018,,,,98,1,9
MOUNT GREENWOOD,74,2019,,,,105,0,16
MOUNT GREENWOOD,74,2020,,,,99,0,9
MOUNT GREENWOOD,74,2021,,,,96,0,11
MOUNT GREENWOOD,74,2022,,,,98,0,7
MOUNT GREENWOOD,74,2023,,,,118,0,8
MOUNT GREENWOOD,74,2024,,,,121,0,7
MORGAN PARK,75,2008,GANGSTER DISCIPLES,3.0,0.4959922142855853,719,5,0
MORGAN PARK,75,2009,GANGSTER DISCIPLES,3.0,0.49599221428558526,634,6,0
MORGAN PARK,75,2010,GANGSTER DISCIPLES,3.0,0.2991032824254483,645,9,0
MORGAN PARK,75,2011,,,,512,4,0
MORGAN PARK,75,2012,GANGSTER DISCIPLES,3.0,0.17198388572135784,486,6,0
MORGAN PARK,75,2013,,,,455,5,0
MORGAN PARK,75,2014,GANGSTER DISCIPLES,3.0,0.3408859989306124,430,5,49
MORGAN PARK,75,2015,GANGSTER DISCIPLES,3.0,0.3408859989306124,53,6,2
MORGAN PARK,75,2016,GANGSTER DISCIPLES,2.0,0.3408859801866566,474,5,55
MORGAN PARK,75,2017,GANGSTER DISCIPLES,2.0,0.32065900451279905,472,4,66
MORGAN PARK,75,2018,GANGSTER DISCIPLES,2.0,0.32065900451279905,475,3,86
MORGAN PARK,75,2019,GANGSTER DISCIPLES,2.0,0.32065900451279905,432,4,70
MORGAN PARK,75,2020,GANGSTER DISCIPLES,2.0,0.32065900451279905,393,10,39
MORGAN PARK,75,2021,GANGSTER DISCIPLES,2.0,0.32065900451279905,464,4,45
MORGAN PARK,75,2022,GANGSTER DISCIPLES,2.0,0.32065900451279905,387,9,31
MORGAN PARK,75,2023,GANGSTER DISCIPLES,3.0,0.3547279516211187,394,2,34
MORGAN PARK,75,2024,GANGSTER DISCIPLES,2.0,0.35486912670337006,485,2,56
OHARE,76,2008,GANGSTER DISCIPLES,2.0,0.0021533887520130465,147,0,0
OHARE,76,2009,GANGSTER DISCIPLES,2.0,0.0021533887520130465,151,0,0
OHARE,76,2010,,,,138,0,0
OHARE,76,2011,,,,100,0,0
OHARE,76,2012,,,,113,1,0
OHARE,76,2013,,,,104,0,0
OHARE,76,2014,,,,102,1,19
OHARE,76,2015,,,,14,1,0
OHARE,76,2016,,,,96,0,8
OHARE,76,2017,,,,96,1,19
OHARE,76,2018,,,,95,0,19
OHARE,76,2019,,,,114,0,23
OHARE,76,2020,,,,108,0,19
OHARE,76,2021,,,,141,0,16
OHARE,76,2022,,,,113,0,21
OHARE,76,2023,,,,108,0,27
OHARE,76,2024,,,,130,0,31
EDGEWATER,77,2008,CONSERVATIVE VICE LORDS,4.0,0.1837661484982142,499,4,0
EDGEWATER,77,2009,CONSERVATIVE VICE LORDS,4.0,0.18376614849821418,478,1,0
EDGEWATER,77,2010,GANGSTER DISCIPLES,3.0,0.2875635484221888,470,5,0
EDGEWATER,77,2011,,,,460,3,0
EDGEWATER,77,2012,LATIN KINGS,3.0,0.17848003176743105,446,5,0
EDGEWATER,77,2013,,,,346,2,0
EDGEWATER,77,2014,LATIN KINGS,3.0,0.18491061411207468,305,2,55
EDGEWATER,77,2015,LATIN KINGS,3.0,0.18491061411207468,57,2,6
EDGEWATER,77,2016,LATIN KINGS,3.0,0.18491059865107523,300,1,40
EDGEWATER,77,2017,LATIN KINGS,3.0,0.1849898943368348,315,2,48
EDGEWATER,77,2018,LATIN KINGS,3.0,0.18498989433683477,338,1,60
EDGEWATER,77,2019,LATIN KINGS,3.0,0.1849898943368348,295,1,45
EDGEWATER,77,2020,LATIN KINGS,3.0,0.18498989433683477,272,1,38
EDGEWATER,77,2021,LATIN KINGS,3.0,0.1849898943368348,324,1,30
EDGEWATER,77,2022,LATIN KINGS,3.0,0.18498989433683483,340,3,45
EDGEWATER,77,2023,LATIN KINGS,3.0,0.18476420863494075,391,2,67
EDGEWATER,77,2024,LATIN KINGS,3.0,0.18498989433683477,414,3,59
EDISON PARK,9,2008,,,,91,0,0
EDISON PARK,9,2009,,,,64,0,0
EDISON PARK,9,2010,,,,62,0,0
EDISON PARK,9,2011,,,,71,0,0
EDISON PARK,9,2012,,,,70,0,0
EDISON PARK,9,2013,,,,60,0,0
EDISON PARK,9,2014,,,,38,0,6
EDISON PARK,9,2015,,,,3,0,0
EDISON PARK,9,2016,,,,50,0,11
EDISON PARK,9,2017,,,,45,0,9
EDISON PARK,9,2018,,,,41,0,7
EDISON PARK,9,2019,,,,45,1,2
EDISON PARK,9,2020,,,,45,0,8
EDISON PARK,9,2021,,,,42,0,5
EDISON PARK,9,2022,,,,50,2,6
EDISON PARK,9,2023,,,,57,0,10
EDISON PARK,9,2024,,,,40,0,6
